coo: 51.9251096_4.4755567;E 00:00:00;A 00:00:00;E 01:00:00;A 01:00:00;E 02:00:00;A 02:00:00;E 03:00:00;A 03:00:00;E 04:00:00;A 04:00:00;E 05:00:00;A 05:00:00;E 06:00:00;A 06:00:00;E 07:00:00;A 07:00:00;E 08:00:00;A 08:00:00;E 09:00:00;A 09:00:00;E 10:00:00;A 10:00:00;E 11:00:00;A 11:00:00;E 12:00:00;A 12:00:00;E 13:00:00;A 13:00:00;E 14:00:00;A 14:00:00;E 15:00:00;A 15:00:00;E 16:00:00;A 16:00:00;E 17:00:00;A 17:00:00;E 18:00:00;A 18:00:00;E 19:00:00;A 19:00:00;E 20:00:00;A 20:00:00;E 21:00:00;A 21:00:00;E 22:00:00;A 22:00:00;E 23:00:00;A 23:00:00;
2023-01-01;--;--;--;--;--;--;--;--;--;--;--;--;--;--;--;--;--;--;0.38;129.97;6.79;142.21;11.59;155.32;14.41;169.18;15.01;183.44;13.33;197.56;9.52;211.10;3.90;223.79;--;--;--;--;--;--;--;--;--;--;--;--;--;--;
2023-01-02;--;--;--;--;--;--;--;--;--;--;--;--;--;--;--;--;--;--;0.40;129.83;6.82;142.08;11.64;155.19;14.48;169.06;15.10;183.33;13.43;197.47;9.64;211.03;4.03;223.74;--;--;--;--;--;--;--;--;--;--;--;--;--;--;
2023-01-03;--;--;--;--;--;--;--;--;--;--;--;--;--;--;--;--;--;--;0.42;129.69;6.87;141.94;11.70;155.06;14.56;168.94;15.20;183.22;13.55;197.39;9.77;210.96;4.16;223.69;--;--;--;--;--;--;--;--;--;--;--;--;--;--;
2023-01-04;--;--;--;--;--;--;--;--;--;--;--;--;--;--;--;--;--;--;0.45;129.55;6.91;141.80;11.77;154.93;14.65;168.82;15.30;183.12;13.67;197.30;9.90;210.89;4.30;223.64;--;--;--;--;--;--;--;--;--;--;--;--;--;--;
2023-01-05;--;--;--;--;--;--;--;--;--;--;--;--;--;--;--;--;--;--;0.49;129.40;6.97;141.66;11.84;154.79;14.74;168.70;15.42;183.01;13.80;197.22;10.04;210.83;4.45;223.60;--;--;--;--;--;--;--;--;--;--;--;--;--;--;
2023-01-06;--;--;--;--;--;--;--;--;--;--;--;--;--;--;--;--;--;--;0.54;129.26;7.03;141.52;11.92;154.66;14.85;168.58;15.54;182.91;13.93;197.14;10.18;210.78;4.60;223.56;--;--;--;--;--;--;--;--;--;--;--;--;--;--;
2023-01-07;--;--;--;--;--;--;--;--;--;--;--;--;--;--;--;--;--;--;0.59;129.11;7.10;141.38;12.01;154.52;14.96;168.46;15.66;182.81;14.07;197.06;10.33;210.72;4.76;223.53;--;--;--;--;--;--;--;--;--;--;--;--;--;--;
2023-01-08;--;--;--;--;--;--;--;--;--;--;--;--;--;--;--;--;--;--;0.65;128.95;7.18;141.23;12.11;154.39;15.07;168.34;15.80;182.71;14.22;196.99;10.49;210.67;4.92;223.51;--;--;--;--;--;--;--;--;--;--;--;--;--;--;
2023-01-09;--;--;--;--;--;--;--;--;--;--;--;--;--;--;--;--;--;--;0.72;128.80;7.26;141.08;12.21;154.25;15.20;168.22;15.94;182.62;14.38;196.92;10.65;210.63;5.09;223.48;--;--;--;--;--;--;--;--;--;--;--;--;--;--;
2023-01-10;--;--;--;--;--;--;--;--;--;--;--;--;--;--;--;--;--;--;0.79;128.64;7.35;140.93;12.33;154.12;15.33;168.10;16.09;182.52;14.54;196.85;10.82;210.59;5.26;223.47;--;--;--;--;--;--;--;--;--;--;--;--;--;--;
2023-01-11;--;--;--;--;--;--;--;--;--;--;--;--;--;--;--;--;--;--;0.87;128.48;7.45;140.79;12.44;153.98;15.46;167.98;16.24;182.43;14.71;196.79;11.00;210.55;5.44;223.45;--;--;--;--;--;--;--;--;--;--;--;--;--;--;
2023-01-12;--;--;--;--;--;--;--;--;--;--;--;--;--;--;--;--;--;--;0.96;128.32;7.56;140.63;12.57;153.84;15.61;167.87;16.41;182.34;14.88;196.73;11.18;210.52;5.63;223.45;--;--;--;--;--;--;--;--;--;--;--;--;--;--;
2023-01-13;--;--;--;--;--;--;--;--;--;--;--;--;--;--;--;--;--;--;1.06;128.16;7.67;140.48;12.70;153.71;15.76;167.75;16.58;182.25;15.06;196.67;11.37;210.50;5.81;223.45;--;--;--;--;--;--;--;--;--;--;--;--;--;--;
2023-01-14;--;--;--;--;--;--;--;--;--;--;--;--;--;--;--;--;--;--;1.16;128.00;7.79;140.33;12.84;153.57;15.92;167.64;16.75;182.17;15.25;196.62;11.56;210.47;6.01;223.45;--;--;--;--;--;--;--;--;--;--;--;--;--;--;
2023-01-15;--;--;--;--;--;--;--;--;--;--;--;--;--;--;--;--;--;--;1.27;127.83;7.92;140.18;12.99;153.43;16.09;167.52;16.93;182.09;15.44;196.57;11.76;210.45;6.21;223.46;-0.81;235.58;--;--;--;--;--;--;--;--;--;--;--;--;
2023-01-16;--;--;--;--;--;--;--;--;--;--;--;--;--;--;--;--;--;--;1.38;127.67;8.06;140.02;13.14;153.30;16.26;167.41;17.12;182.01;15.64;196.52;11.96;210.44;6.41;223.47;-0.61;235.61;--;--;--;--;--;--;--;--;--;--;--;--;
2023-01-17;--;--;--;--;--;--;--;--;--;--;--;--;--;--;--;--;--;--;1.51;127.50;8.20;139.87;13.31;153.16;16.44;167.30;17.32;181.93;15.85;196.48;12.17;210.43;6.62;223.49;-0.40;235.65;--;--;--;--;--;--;--;--;--;--;--;--;
2023-01-18;--;--;--;--;--;--;--;--;--;--;--;--;--;--;--;--;--;--;1.64;127.33;8.35;139.71;13.47;153.02;16.63;167.19;17.52;181.85;16.06;196.44;12.39;210.43;6.84;223.51;-0.19;235.70;--;--;--;--;--;--;--;--;--;--;--;--;
2023-01-19;--;--;--;--;--;--;--;--;--;--;--;--;--;--;--;--;--;--;1.77;127.16;8.50;139.56;13.65;152.89;16.82;167.09;17.73;181.78;16.28;196.41;12.61;210.43;7.05;223.54;0.02;235.75;--;--;--;--;--;--;--;--;--;--;--;--;
2023-01-20;--;--;--;--;--;--;--;--;--;--;--;--;--;--;--;--;--;--;1.92;126.99;8.66;139.40;13.83;152.75;17.02;166.98;17.95;181.71;16.50;196.38;12.83;210.43;7.28;223.58;0.24;235.81;--;--;--;--;--;--;--;--;--;--;--;--;
2023-01-21;--;--;--;--;--;--;--;--;--;--;--;--;--;--;--;--;--;--;2.07;126.81;8.83;139.24;14.02;152.62;17.23;166.88;18.17;181.65;16.73;196.35;13.06;210.44;7.50;223.62;0.46;235.87;--;--;--;--;--;--;--;--;--;--;--;--;
2023-01-22;--;--;--;--;--;--;--;--;--;--;--;--;--;--;--;--;--;--;2.22;126.64;9.01;139.09;14.22;152.49;17.45;166.77;18.39;181.58;16.96;196.33;13.30;210.46;7.74;223.66;0.69;235.94;--;--;--;--;--;--;--;--;--;--;--;--;
2023-01-23;--;--;--;--;--;--;--;--;--;--;--;--;--;--;--;--;--;--;2.39;126.47;9.19;138.93;14.42;152.35;17.67;166.67;18.63;181.52;17.20;196.31;13.54;210.48;7.97;223.72;0.91;236.02;--;--;--;--;--;--;--;--;--;--;--;--;
2023-01-24;--;--;--;--;--;--;--;--;--;--;--;--;--;--;--;--;--;--;2.56;126.29;9.38;138.77;14.63;152.22;17.89;166.57;18.87;181.46;17.45;196.29;13.78;210.50;8.21;223.77;1.15;236.10;--;--;--;--;--;--;--;--;--;--;--;--;
2023-01-25;--;--;--;--;--;--;--;--;--;--;--;--;--;--;--;--;--;--;2.74;126.11;9.57;138.61;14.84;152.09;18.12;166.48;19.11;181.41;17.70;196.28;14.03;210.53;8.45;223.83;1.38;236.18;--;--;--;--;--;--;--;--;--;--;--;--;
2023-01-26;--;--;--;--;--;--;--;--;--;--;--;--;--;--;--;--;--;--;2.92;125.94;9.78;138.46;15.06;151.96;18.36;166.38;19.36;181.36;17.95;196.28;14.29;210.57;8.70;223.90;1.62;236.27;--;--;--;--;--;--;--;--;--;--;--;--;
2023-01-27;--;--;--;--;--;--;--;--;--;--;--;--;--;--;--;--;--;--;3.11;125.76;9.98;138.30;15.29;151.83;18.61;166.29;19.62;181.31;18.21;196.28;14.54;210.61;8.95;223.97;1.86;236.37;--;--;--;--;--;--;--;--;--;--;--;--;
2023-01-28;--;--;--;--;--;--;--;--;--;--;--;--;--;--;--;--;--;--;3.30;125.58;10.20;138.14;15.52;151.70;18.86;166.20;19.88;181.26;18.48;196.28;14.81;210.65;9.21;224.05;2.11;236.47;--;--;--;--;--;--;--;--;--;--;--;--;
2023-01-29;--;--;--;--;--;--;--;--;--;--;--;--;--;--;--;--;--;--;3.51;125.40;10.42;137.98;15.76;151.57;19.11;166.11;20.15;181.22;18.75;196.28;15.07;210.70;9.46;224.13;2.36;236.58;--;--;--;--;--;--;--;--;--;--;--;--;
2023-01-30;--;--;--;--;--;--;--;--;--;--;--;--;--;--;--;--;--;--;3.72;125.23;10.64;137.83;16.01;151.44;19.37;166.02;20.42;181.18;19.02;196.29;15.34;210.75;9.72;224.22;2.61;236.70;--;--;--;--;--;--;--;--;--;--;--;--;
2023-01-31;--;--;--;--;--;--;--;--;--;--;--;--;--;--;--;--;--;--;3.93;125.05;10.88;137.67;16.26;151.32;19.64;165.94;20.70;181.15;19.30;196.31;15.62;210.81;9.99;224.32;2.86;236.82;--;--;--;--;--;--;--;--;--;--;--;--;
2023-02-01;--;--;--;--;--;--;--;--;--;--;--;--;--;--;--;--;--;--;4.15;124.87;11.12;137.51;16.52;151.19;19.92;165.85;20.98;181.11;19.59;196.33;15.89;210.88;10.26;224.42;3.12;236.94;--;--;--;--;--;--;--;--;--;--;--;--;
2023-02-02;--;--;--;--;--;--;--;--;--;--;--;--;--;--;--;--;--;--;4.38;124.69;11.36;137.36;16.78;151.07;20.19;165.77;21.27;181.09;19.87;196.35;16.17;210.95;10.53;224.52;3.38;237.07;--;--;--;--;--;--;--;--;--;--;--;--;
2023-02-03;--;--;--;--;--;--;--;--;--;--;--;--;--;--;--;--;--;--;4.61;124.51;11.61;137.20;17.05;150.94;20.48;165.70;21.56;181.06;20.17;196.38;16.46;211.02;10.80;224.63;3.64;237.21;--;--;--;--;--;--;--;--;--;--;--;--;
2023-02-04;--;--;--;--;--;--;--;--;--;--;--;--;--;--;--;--;--;--;4.85;124.33;11.87;137.05;17.32;150.82;20.77;165.62;21.85;181.04;20.46;196.41;16.75;211.10;11.08;224.75;3.90;237.35;--;--;--;--;--;--;--;--;--;--;--;--;
2023-02-05;--;--;--;--;--;--;--;--;--;--;--;--;--;--;--;--;--;--;5.09;124.16;12.13;136.89;17.60;150.70;21.06;165.55;22.16;181.02;20.76;196.45;17.04;211.18;11.35;224.87;4.17;237.50;--;--;--;--;--;--;--;--;--;--;--;--;
2023-02-06;--;--;--;--;--;--;--;--;--;--;--;--;--;--;--;--;--;--;5.34;123.98;12.39;136.74;17.88;150.58;21.36;165.47;22.46;181.00;21.07;196.49;17.33;211.27;11.64;224.99;4.43;237.65;--;--;--;--;--;--;--;--;--;--;--;--;
2023-02-07;--;--;--;--;--;--;--;--;--;--;--;--;--;--;--;--;--;--;5.59;123.80;12.66;136.59;18.17;150.47;21.66;165.40;22.77;180.99;21.38;196.53;17.63;211.37;11.92;225.12;4.70;237.81;--;--;--;--;--;--;--;--;--;--;--;--;
2023-02-08;--;--;--;--;--;--;--;--;--;--;--;--;--;--;--;--;--;--;5.85;123.62;12.94;136.43;18.47;150.35;21.97;165.34;23.09;180.98;21.69;196.58;17.93;211.47;12.21;225.26;4.97;237.97;--;--;--;--;--;--;--;--;--;--;--;--;
2023-02-09;--;--;--;--;--;--;--;--;--;--;--;--;--;--;--;--;--;--;6.12;123.44;13.22;136.28;18.77;150.24;22.29;165.27;23.41;180.98;22.00;196.64;18.24;211.57;12.49;225.40;5.25;238.13;--;--;--;--;--;--;--;--;--;--;--;--;
2023-02-10;--;--;--;--;--;--;--;--;--;--;--;--;--;--;--;--;--;--;6.39;123.27;13.51;136.13;19.07;150.12;22.60;165.21;23.73;180.98;22.32;196.70;18.54;211.68;12.78;225.55;5.52;238.31;--;--;--;--;--;--;--;--;--;--;--;--;
2023-02-11;--;--;--;--;--;--;--;--;--;--;--;--;--;--;--;--;--;--;6.66;123.09;13.80;135.98;19.38;150.01;22.93;165.15;24.06;180.98;22.64;196.76;18.85;211.79;13.08;225.70;5.80;238.48;--;--;--;--;--;--;--;--;--;--;--;--;
2023-02-12;--;--;--;--;--;--;--;--;--;--;--;--;--;--;--;--;--;--;6.94;122.91;14.10;135.83;19.70;149.90;23.25;165.09;24.39;180.98;22.97;196.83;19.16;211.91;13.37;225.85;6.07;238.67;--;--;--;--;--;--;--;--;--;--;--;--;
2023-02-13;--;--;--;--;--;--;--;--;--;--;--;--;--;--;--;--;--;--;7.23;122.74;14.40;135.68;20.01;149.79;23.58;165.04;24.72;180.99;23.30;196.90;19.48;212.04;13.67;226.02;6.35;238.85;--;--;--;--;--;--;--;--;--;--;--;--;
2023-02-14;--;--;--;--;--;--;--;--;--;--;--;--;--;--;--;--;-0.76;110.49;7.52;122.56;14.71;135.53;20.34;149.68;23.92;164.98;25.06;181.00;23.63;196.97;19.79;212.16;13.97;226.18;6.63;239.04;--;--;--;--;--;--;--;--;--;--;--;--;
2023-02-15;--;--;--;--;--;--;--;--;--;--;--;--;--;--;--;--;-0.48;110.30;7.81;122.38;15.02;135.38;20.66;149.58;24.26;164.93;25.40;181.02;23.96;197.06;20.11;212.30;14.27;226.35;6.92;239.24;--;--;--;--;--;--;--;--;--;--;--;--;
2023-02-16;--;--;--;--;--;--;--;--;--;--;--;--;--;--;--;--;-0.20;110.10;8.11;122.21;15.33;135.24;20.99;149.47;24.60;164.89;25.75;181.04;24.30;197.14;20.43;212.44;14.57;226.53;7.20;239.44;--;--;--;--;--;--;--;--;--;--;--;--;
2023-02-17;--;--;--;--;--;--;--;--;--;--;--;--;--;--;--;--;0.09;109.91;8.41;122.03;15.65;135.09;21.33;149.37;24.94;164.84;26.10;181.06;24.64;197.23;20.76;212.58;14.87;226.71;7.48;239.65;--;--;--;--;--;--;--;--;--;--;--;--;
2023-02-18;--;--;--;--;--;--;--;--;--;--;--;--;--;--;--;--;0.39;109.71;8.72;121.86;15.97;134.95;21.67;149.26;25.29;164.80;26.45;181.08;24.98;197.32;21.08;212.73;15.17;226.89;7.77;239.86;-0.65;251.93;--;--;--;--;--;--;--;--;--;--;
2023-02-19;--;--;--;--;--;--;--;--;--;--;--;--;--;--;--;--;0.69;109.52;9.03;121.69;16.30;134.80;22.01;149.16;25.65;164.76;26.80;181.11;25.33;197.42;21.41;212.88;15.48;227.08;8.05;240.07;-0.38;252.16;--;--;--;--;--;--;--;--;--;--;
2023-02-20;--;--;--;--;--;--;--;--;--;--;--;--;--;--;--;--;0.99;109.33;9.34;121.51;16.63;134.66;22.36;149.06;26.00;164.72;27.16;181.15;25.67;197.52;21.73;213.03;15.78;227.28;8.34;240.29;-0.11;252.40;--;--;--;--;--;--;--;--;--;--;
2023-02-21;--;--;--;--;--;--;--;--;--;--;--;--;--;--;--;--;1.29;109.14;9.66;121.34;16.97;134.51;22.71;148.96;26.36;164.68;27.52;181.18;26.02;197.63;22.06;213.20;16.09;227.48;8.63;240.51;0.16;252.64;--;--;--;--;--;--;--;--;--;--;
2023-02-22;--;--;--;--;--;--;--;--;--;--;--;--;--;--;--;--;1.60;108.95;9.98;121.17;17.30;134.37;23.06;148.87;26.73;164.65;27.88;181.22;26.37;197.74;22.40;213.36;16.40;227.68;8.92;240.74;0.44;252.88;--;--;--;--;--;--;--;--;--;--;
2023-02-23;--;--;--;--;--;--;--;--;--;--;--;--;--;--;--;--;1.92;108.75;10.31;121.00;17.64;134.23;23.42;148.77;27.09;164.61;28.25;181.26;26.73;197.85;22.73;213.53;16.71;227.89;9.21;240.97;0.71;253.13;--;--;--;--;--;--;--;--;--;--;
2023-02-24;--;--;--;--;--;--;--;--;--;--;--;--;--;--;--;--;2.23;108.56;10.64;120.83;17.99;134.09;23.78;148.68;27.46;164.58;28.62;181.31;27.08;197.97;23.06;213.71;17.02;228.10;9.49;241.20;0.99;253.38;--;--;--;--;--;--;--;--;--;--;
2023-02-25;--;--;--;--;--;--;--;--;--;--;--;--;--;--;--;--;2.55;108.37;10.97;120.66;18.34;133.95;24.14;148.58;27.83;164.55;28.99;181.36;27.44;198.09;23.40;213.88;17.33;228.31;9.78;241.44;1.26;253.63;--;--;--;--;--;--;--;--;--;--;
2023-02-26;--;--;--;--;--;--;--;--;--;--;--;--;--;--;--;--;2.88;108.18;11.31;120.49;18.69;133.81;24.50;148.49;28.21;164.53;29.36;181.41;27.80;198.22;23.73;214.07;17.64;228.53;10.07;241.68;1.53;253.88;--;--;--;--;--;--;--;--;--;--;
2023-02-27;--;--;--;--;--;--;--;--;--;--;--;--;--;--;--;--;3.20;108.00;11.64;120.32;19.04;133.67;24.87;148.40;28.59;164.51;29.73;181.47;28.15;198.35;24.07;214.25;17.95;228.76;10.36;241.93;1.81;254.14;--;--;--;--;--;--;--;--;--;--;
2023-02-28;--;--;--;--;--;--;--;--;--;--;--;--;--;--;--;--;3.53;107.81;11.99;120.15;19.40;133.53;25.24;148.31;28.97;164.48;30.11;181.52;28.52;198.48;24.41;214.45;18.27;228.99;10.65;242.18;2.08;254.41;--;--;--;--;--;--;--;--;--;--;
2023-03-01;--;--;--;--;--;--;--;--;--;--;--;--;--;--;--;--;3.86;107.62;12.33;119.98;19.76;133.40;25.62;148.22;29.35;164.46;30.49;181.59;28.88;198.62;24.74;214.64;18.58;229.22;10.95;242.43;2.36;254.67;--;--;--;--;--;--;--;--;--;--;
2023-03-02;--;--;--;--;--;--;--;--;--;--;--;--;--;--;--;--;4.20;107.43;12.68;119.81;20.12;133.26;25.99;148.13;29.73;164.45;30.87;181.65;29.24;198.76;25.08;214.84;18.89;229.45;11.24;242.69;2.64;254.94;--;--;--;--;--;--;--;--;--;--;
2023-03-03;--;--;--;--;--;--;--;--;--;--;--;--;--;--;--;--;4.54;107.25;13.03;119.64;20.48;133.12;26.37;148.05;30.12;164.43;31.25;181.72;29.61;198.91;25.42;215.04;19.20;229.69;11.53;242.95;2.91;255.21;--;--;--;--;--;--;--;--;--;--;
2023-03-04;--;--;--;--;--;--;--;--;--;--;--;--;--;--;--;--;4.88;107.06;13.38;119.47;20.85;132.99;26.75;147.96;30.50;164.42;31.63;181.79;29.97;199.06;25.76;215.25;19.52;229.94;11.82;243.21;3.19;255.49;--;--;--;--;--;--;--;--;--;--;
2023-03-05;--;--;--;--;--;--;--;--;--;--;--;--;--;--;--;--;5.22;106.87;13.73;119.31;21.22;132.85;27.13;147.88;30.89;164.40;32.02;181.86;30.34;199.21;26.10;215.46;19.83;230.18;12.11;243.48;3.46;255.76;--;--;--;--;--;--;--;--;--;--;
2023-03-06;--;--;--;--;--;--;--;--;--;--;--;--;--;--;--;--;5.56;106.69;14.09;119.14;21.59;132.71;27.52;147.79;31.28;164.39;32.40;181.94;30.71;199.36;26.44;215.68;20.14;230.43;12.40;243.74;3.74;256.04;--;--;--;--;--;--;--;--;--;--;
2023-03-07;--;--;--;--;--;--;--;--;--;--;--;--;--;--;--;--;5.91;106.50;14.45;118.97;21.96;132.58;27.90;147.71;31.68;164.39;32.79;182.02;31.07;199.52;26.78;215.90;20.46;230.69;12.69;244.02;4.01;256.32;--;--;--;--;--;--;--;--;--;--;
2023-03-08;--;--;--;--;--;--;--;--;--;--;--;--;--;--;--;--;6.26;106.32;14.80;118.81;22.33;132.45;28.29;147.63;32.07;164.38;33.18;182.10;31.44;199.69;27.13;216.12;20.77;230.94;12.98;244.29;4.29;256.61;--;--;--;--;--;--;--;--;--;--;
2023-03-09;--;--;--;--;--;--;--;--;--;--;--;--;--;--;--;--;6.61;106.14;15.17;118.64;22.71;132.31;28.68;147.55;32.47;164.37;33.57;182.18;31.81;199.86;27.47;216.34;21.08;231.20;13.27;244.57;4.56;256.89;--;--;--;--;--;--;--;--;--;--;
2023-03-10;--;--;--;--;--;--;--;--;--;--;--;--;--;--;--;--;6.96;105.95;15.53;118.48;23.08;132.18;29.07;147.47;32.86;164.37;33.96;182.27;32.18;200.03;27.81;216.57;21.40;231.46;13.56;244.85;4.84;257.18;--;--;--;--;--;--;--;--;--;--;
2023-03-11;--;--;--;--;--;--;--;--;--;--;--;--;--;--;--;--;7.32;105.77;15.89;118.31;23.46;132.04;29.46;147.39;33.26;164.37;34.35;182.36;32.55;200.20;28.15;216.80;21.71;231.73;13.85;245.13;5.11;257.47;--;--;--;--;--;--;--;--;--;--;
2023-03-12;--;--;--;--;--;--;--;--;--;--;--;--;--;--;--;--;7.67;105.59;16.26;118.14;23.84;131.91;29.85;147.31;33.66;164.37;34.74;182.45;32.92;200.38;28.49;217.04;22.02;232.00;14.14;245.41;5.38;257.76;--;--;--;--;--;--;--;--;--;--;
2023-03-13;--;--;--;--;--;--;--;--;--;--;--;--;--;--;--;--;8.03;105.41;16.63;117.98;24.22;131.78;30.25;147.23;34.06;164.37;35.13;182.55;33.29;200.56;28.83;217.28;22.33;232.27;14.42;245.70;5.66;258.05;--;--;--;--;--;--;--;--;--;--;
2023-03-14;--;--;--;--;--;--;--;--;--;--;--;--;--;--;-0.74;93.30;8.38;105.22;16.99;117.81;24.60;131.64;30.64;147.15;34.46;164.37;35.52;182.65;33.66;200.74;29.17;217.52;22.64;232.54;14.71;245.99;5.93;258.35;--;--;--;--;--;--;--;--;--;--;
2023-03-15;--;--;--;--;--;--;--;--;--;--;--;--;--;--;-0.39;93.11;8.74;105.04;17.36;117.65;24.99;131.51;31.04;147.07;34.86;164.37;35.92;182.75;34.03;200.92;29.51;217.76;22.95;232.82;15.00;246.28;6.20;258.64;--;--;--;--;--;--;--;--;--;--;
2023-03-16;--;--;--;--;--;--;--;--;--;--;--;--;--;--;-0.04;92.92;9.10;104.86;17.73;117.48;25.37;131.38;31.43;147.00;35.26;164.38;36.31;182.85;34.40;201.11;29.85;218.01;23.26;233.10;15.28;246.57;6.47;258.94;--;--;--;--;--;--;--;--;--;--;
2023-03-17;--;--;--;--;--;--;--;--;--;--;--;--;--;--;0.32;92.73;9.46;104.68;18.10;117.32;25.75;131.25;31.83;146.92;35.66;164.38;36.70;182.95;34.77;201.31;30.19;218.26;23.57;233.38;15.57;246.86;6.75;259.24;--;--;--;--;--;--;--;--;--;--;
2023-03-18;--;--;--;--;--;--;--;--;--;--;--;--;--;--;0.67;92.55;9.82;104.50;18.47;117.15;26.14;131.11;32.22;146.84;36.06;164.39;37.09;183.06;35.14;201.50;30.52;218.52;23.88;233.66;15.85;247.16;7.02;259.54;--;--;--;--;--;--;--;--;--;--;
2023-03-19;--;--;--;--;--;--;--;--;--;--;--;--;--;--;1.03;92.36;10.18;104.32;18.84;116.99;26.52;130.98;32.62;146.76;36.47;164.40;37.49;183.17;35.51;201.70;30.86;218.77;24.18;233.94;16.14;247.45;7.29;259.84;--;--;--;--;--;--;--;--;--;--;
2023-03-20;--;--;--;--;--;--;--;--;--;--;--;--;--;--;1.39;92.17;10.54;104.14;19.21;116.82;26.90;130.85;33.02;146.69;36.87;164.41;37.88;183.28;35.88;201.90;31.20;219.03;24.49;234.23;16.42;247.75;7.56;260.14;--;--;--;--;--;--;--;--;--;--;
2023-03-21;--;--;--;--;--;--;--;--;--;--;--;--;--;--;1.74;91.99;10.90;103.96;19.58;116.66;27.29;130.71;33.41;146.61;37.27;164.42;38.27;183.39;36.24;202.10;31.53;219.29;24.79;234.52;16.70;248.05;7.82;260.44;--;--;--;--;--;--;--;--;--;--;
2023-03-22;--;--;--;--;--;--;--;--;--;--;--;--;--;--;2.10;91.80;11.26;103.78;19.95;116.49;27.67;130.58;33.81;146.53;37.67;164.43;38.66;183.50;36.61;202.30;31.87;219.55;25.10;234.81;16.98;248.35;8.09;260.74;--;--;--;--;--;--;--;--;--;--;
2023-03-23;--;--;--;--;--;--;--;--;--;--;--;--;--;--;2.46;91.62;11.63;103.60;20.32;116.33;28.05;130.44;34.21;146.46;38.07;164.44;39.06;183.62;36.98;202.51;32.20;219.82;25.40;235.10;17.26;248.65;8.36;261.05;--;--;--;--;--;--;--;--;--;--;
2023-03-24;--;--;--;--;--;--;--;--;--;--;--;--;--;--;2.81;91.44;11.99;103.42;20.69;116.16;28.44;130.31;34.60;146.38;38.47;164.45;39.45;183.73;37.34;202.72;32.53;220.08;25.70;235.39;17.54;248.95;8.63;261.35;-0.59;273.23;--;--;--;--;--;--;--;--;
2023-03-25;--;--;--;--;--;--;--;--;--;--;--;--;--;--;3.17;91.25;12.35;103.24;21.06;116.00;28.82;130.17;35.00;146.30;38.88;164.46;39.84;183.85;37.70;202.93;32.86;220.35;26.00;235.69;17.82;249.25;8.89;261.65;-0.32;273.53;--;--;--;--;--;--;--;--;
2023-03-26;--;--;--;--;--;--;--;--;--;--;--;--;--;--;3.53;91.07;12.71;103.06;21.43;115.83;29.20;130.04;35.39;146.22;39.28;164.47;40.23;183.97;38.07;203.14;33.19;220.62;26.30;235.98;18.10;249.56;9.16;261.96;-0.06;273.83;--;--;--;--;--;--;--;--;
2023-03-27;--;--;--;--;--;--;--;--;--;--;--;--;--;--;3.88;90.88;13.06;102.88;21.80;115.66;29.58;129.90;35.79;146.14;39.67;164.49;40.61;184.09;38.43;203.36;33.52;220.89;26.60;236.28;18.37;249.86;9.42;262.26;0.20;274.13;--;--;--;--;--;--;--;--;
2023-03-28;--;--;--;--;--;--;--;--;--;--;--;--;--;--;4.24;90.70;13.42;102.70;22.16;115.49;29.96;129.76;36.18;146.06;40.07;164.50;41.00;184.22;38.79;203.57;33.85;221.16;26.89;236.58;18.65;250.17;9.68;262.56;0.46;274.43;--;--;--;--;--;--;--;--;
2023-03-29;--;--;--;--;--;--;--;--;--;--;--;--;--;--;4.59;90.52;13.78;102.52;22.53;115.33;30.34;129.62;36.57;145.99;40.47;164.51;41.39;184.34;39.15;203.79;34.17;221.44;27.19;236.88;18.92;250.47;9.95;262.87;0.72;274.73;--;--;--;--;--;--;--;--;
2023-03-30;--;--;--;--;--;--;--;--;--;--;--;--;--;--;4.94;90.34;14.13;102.34;22.90;115.16;30.72;129.49;36.96;145.91;40.87;164.52;41.77;184.47;39.51;204.01;34.50;221.72;27.48;237.18;19.19;250.77;10.21;263.17;0.98;275.03;--;--;--;--;--;--;--;--;
2023-03-31;--;--;--;--;--;--;--;--;--;--;--;--;--;--;5.29;90.16;14.49;102.15;23.26;114.99;31.10;129.35;37.35;145.82;41.26;164.54;42.16;184.59;39.86;204.23;34.82;221.99;27.78;237.48;19.46;251.08;10.47;263.47;1.24;275.33;--;--;--;--;--;--;--;--;
2023-04-01;--;--;--;--;--;--;--;--;--;--;--;--;--;--;5.64;89.97;14.84;101.97;23.62;114.82;31.47;129.21;37.74;145.74;41.65;164.55;42.54;184.72;40.22;204.45;35.14;222.27;28.07;237.78;19.73;251.38;10.73;263.77;1.50;275.62;--;--;--;--;--;--;--;--;
2023-04-02;--;--;--;--;--;--;--;--;--;--;--;--;--;--;5.99;89.79;15.19;101.79;23.98;114.65;31.85;129.06;38.13;145.66;42.05;164.56;42.92;184.84;40.57;204.68;35.46;222.55;28.36;238.08;20.00;251.69;10.98;264.07;1.76;275.92;--;--;--;--;--;--;--;--;
2023-04-03;--;--;--;--;--;--;--;--;--;--;--;--;--;--;6.34;89.61;15.54;101.61;24.34;114.48;32.22;128.92;38.51;145.58;42.44;164.57;43.30;184.97;40.92;204.90;35.78;222.83;28.64;238.38;20.27;251.99;11.24;264.37;2.02;276.21;--;--;--;--;--;--;--;--;
2023-04-04;--;--;--;--;--;--;--;--;--;--;--;--;--;--;6.68;89.43;15.89;101.43;24.70;114.31;32.59;128.78;38.90;145.49;42.83;164.59;43.68;185.10;41.27;205.13;36.09;223.11;28.93;238.68;20.54;252.29;11.50;264.67;2.27;276.50;--;--;--;--;--;--;--;--;
2023-04-05;--;--;--;--;--;--;--;--;--;--;--;--;--;--;7.03;89.25;16.24;101.25;25.05;114.14;32.96;128.63;39.28;145.41;43.21;164.60;44.05;185.23;41.62;205.36;36.41;223.39;29.21;238.98;20.80;252.59;11.75;264.97;2.53;276.79;--;--;--;--;--;--;--;--;
2023-04-06;--;--;--;--;--;--;--;--;--;--;--;--;--;--;7.37;89.07;16.58;101.07;25.40;113.96;33.32;128.49;39.66;145.32;43.60;164.61;44.43;185.36;41.97;205.58;36.72;223.67;29.50;239.28;21.06;252.90;12.01;265.26;2.78;277.08;--;--;--;--;--;--;--;--;
2023-04-07;--;--;--;--;--;--;--;--;--;--;--;--;--;--;7.71;88.89;16.92;100.89;25.75;113.79;33.69;128.34;40.04;145.23;43.98;164.62;44.80;185.49;42.31;205.81;37.03;223.95;29.78;239.58;21.32;253.20;12.26;265.56;3.04;277.37;--;--;--;--;--;--;--;--;
2023-04-08;--;--;--;--;--;--;--;--;--;--;--;--;--;--;8.05;88.71;17.26;100.70;26.10;113.62;34.05;128.20;40.41;145.14;44.36;164.63;45.17;185.62;42.65;206.04;37.34;224.24;30.06;239.88;21.58;253.49;12.51;265.85;3.29;277.66;--;--;--;--;--;--;--;--;
2023-04-09;--;--;--;--;--;--;--;--;--;--;--;--;-0.79;76.78;8.38;88.53;17.60;100.52;26.45;113.44;34.41;128.05;40.79;145.05;44.74;164.63;45.54;185.75;42.99;206.27;37.64;224.52;30.33;240.17;21.84;253.79;12.76;266.14;3.54;277.94;--;--;--;--;--;--;--;--;
2023-04-10;--;--;--;--;--;--;--;--;--;--;--;--;-0.45;76.61;8.71;88.35;17.94;100.34;26.79;113.27;34.76;127.90;41.16;144.96;45.12;164.64;45.90;185.88;43.33;206.50;37.95;224.80;30.61;240.47;22.10;254.09;13.01;266.43;3.79;278.22;--;--;--;--;--;--;--;--;
2023-04-11;--;--;--;--;--;--;--;--;--;--;--;--;-0.12;76.44;9.04;88.17;18.27;100.16;27.13;113.09;35.12;127.75;41.52;144.86;45.49;164.65;46.27;186.01;43.67;206.72;38.25;225.08;30.88;240.77;22.35;254.38;13.26;266.72;4.04;278.50;--;--;--;--;--;--;--;--;
2023-04-12;--;--;--;--;--;--;--;--;--;--;--;--;0.21;76.27;9.37;87.99;18.60;99.97;27.47;112.91;35.47;127.59;41.89;144.77;45.87;164.65;46.63;186.13;44.00;206.95;38.55;225.36;31.15;241.06;22.61;254.68;13.50;267.00;4.29;278.78;--;--;--;--;--;--;--;--;
2023-04-13;--;--;--;--;--;--;--;--;--;--;--;--;0.54;76.10;9.70;87.81;18.92;99.79;27.80;112.73;35.81;127.44;42.25;144.67;46.24;164.65;46.99;186.26;44.33;207.18;38.85;225.64;31.42;241.36;22.86;254.97;13.75;267.29;4.54;279.05;--;--;--;--;--;--;--;--;
2023-04-14;--;--;--;--;--;--;--;--;--;--;--;--;0.86;75.93;10.02;87.63;19.25;99.60;28.13;112.56;36.16;127.28;42.61;144.57;46.60;164.66;47.34;186.39;44.66;207.41;39.14;225.92;31.69;241.65;23.11;255.26;13.99;267.57;4.78;279.32;--;--;--;--;--;--;--;--;
2023-04-15;--;--;--;--;--;--;--;--;--;--;--;--;1.19;75.76;10.34;87.45;19.57;99.42;28.46;112.38;36.50;127.13;42.97;144.47;46.97;164.66;47.70;186.52;44.98;207.64;39.43;226.20;31.96;241.94;23.36;255.55;14.23;267.85;5.03;279.59;--;--;--;--;--;--;--;--;
2023-04-16;--;--;--;--;--;--;--;--;--;--;--;--;1.51;75.59;10.65;87.27;19.88;99.24;28.79;112.20;36.84;126.97;43.32;144.37;47.33;164.66;48.05;186.64;45.31;207.86;39.72;226.47;32.22;242.23;23.61;255.83;14.47;268.13;5.27;279.86;--;--;--;--;--;--;--;--;
2023-04-17;--;--;--;--;--;--;--;--;--;--;--;--;1.82;75.42;10.96;87.09;20.20;99.05;29.11;112.01;37.17;126.81;43.67;144.26;47.69;164.65;48.40;186.77;45.63;208.09;40.01;226.75;32.48;242.52;23.85;256.12;14.71;268.40;5.51;280.12;--;--;--;--;--;--;--;--;
2023-04-18;--;--;--;--;--;--;--;--;--;--;--;--;2.14;75.25;11.27;86.91;20.51;98.87;29.43;111.83;37.50;126.65;44.02;144.16;48.04;164.65;48.74;186.89;45.95;208.32;40.30;227.02;32.74;242.81;24.10;256.40;14.95;268.67;5.75;280.38;--;--;--;--;--;--;--;--;
2023-04-19;--;--;--;--;--;--;--;--;--;--;--;--;2.45;75.08;11.58;86.73;20.81;98.68;29.74;111.65;37.83;126.48;44.36;144.05;48.39;164.64;49.08;187.01;46.26;208.54;40.58;227.30;33.00;243.09;24.34;256.68;15.19;268.94;5.99;280.64;--;--;--;--;--;--;--;--;
2023-04-20;--;--;--;--;--;--;--;--;--;--;--;--;2.75;74.91;11.88;86.55;21.12;98.49;30.05;111.47;38.16;126.32;44.70;143.94;48.74;164.63;49.42;187.13;46.57;208.76;40.86;227.57;33.26;243.37;24.58;256.95;15.42;269.21;6.23;280.89;--;--;--;--;--;--;--;--;
2023-04-21;--;--;--;--;--;--;--;--;--;--;--;--;3.06;74.75;12.18;86.37;21.42;98.31;30.36;111.28;38.48;126.16;45.04;143.83;49.08;164.62;49.76;187.25;46.88;208.98;41.14;227.84;33.51;243.65;24.82;257.23;15.65;269.47;6.47;281.15;--;--;--;--;--;--;--;--;
2023-04-22;--;--;--;--;--;--;--;--;--;--;--;--;3.35;74.58;12.47;86.19;21.71;98.12;30.66;111.10;38.79;125.99;45.37;143.71;49.43;164.61;50.09;187.37;47.19;209.20;41.42;228.10;33.76;243.93;25.05;257.50;15.88;269.73;6.70;281.39;--;--;--;--;--;--;--;--;
2023-04-23;--;--;--;--;--;--;--;--;--;--;--;--;3.65;74.41;12.76;86.01;22.00;97.94;30.96;110.91;39.10;125.82;45.70;143.59;49.76;164.59;50.42;187.48;47.49;209.42;41.69;228.37;34.01;244.21;25.29;257.77;16.11;269.99;6.94;281.64;--;--;--;--;--;--;--;--;
2023-04-24;--;--;--;--;--;--;--;--;--;--;--;--;3.94;74.24;13.05;85.83;22.29;97.75;31.25;110.72;39.41;125.65;46.02;143.48;50.10;164.57;50.75;187.60;47.79;209.64;41.96;228.63;34.26;244.48;25.52;258.03;16.34;270.24;7.17;281.88;--;--;--;--;--;--;--;--;
2023-04-25;--;--;--;--;--;--;--;--;--;--;--;--;4.23;74.08;13.33;85.65;22.57;97.56;31.54;110.54;39.71;125.48;46.34;143.35;50.43;164.55;51.07;187.71;48.09;209.85;42.23;228.89;34.50;244.75;25.75;258.29;16.57;270.49;7.40;282.12;--;--;--;--;--;--;--;--;
2023-04-26;--;--;--;--;--;--;--;--;--;--;--;--;4.51;73.91;13.61;85.48;22.85;97.38;31.83;110.35;40.01;125.31;46.66;143.23;50.75;164.53;51.39;187.82;48.39;210.06;42.49;229.15;34.74;245.01;25.98;258.55;16.79;270.73;7.63;282.35;--;--;--;--;--;--;--;--;
2023-04-27;--;--;--;--;--;--;--;--;--;--;--;--;4.79;73.75;13.88;85.30;23.12;97.19;32.11;110.16;40.31;125.13;46.97;143.11;51.08;164.51;51.70;187.92;48.68;210.27;42.75;229.41;34.98;245.28;26.20;258.81;17.01;270.98;7.85;282.58;--;--;--;--;--;--;--;--;
2023-04-28;--;--;--;--;--;--;--;--;--;--;--;--;5.06;73.58;14.15;85.12;23.39;97.00;32.39;109.97;40.60;124.96;47.27;142.98;51.40;164.48;52.02;188.03;48.96;210.48;43.01;229.66;35.22;245.54;26.43;259.06;17.24;271.22;8.08;282.81;-0.66;294.46;--;--;--;--;--;--;
2023-04-29;--;--;--;--;--;--;--;--;--;--;--;--;5.33;73.42;14.42;84.94;23.66;96.82;32.66;109.78;40.88;124.78;47.58;142.85;51.71;164.45;52.32;188.13;49.25;210.68;43.27;229.91;35.45;245.79;26.65;259.31;17.45;271.45;8.30;283.03;-0.43;294.67;--;--;--;--;--;--;
2023-04-30;--;--;--;--;--;--;--;--;--;--;--;--;5.60;73.26;14.68;84.77;23.92;96.63;32.93;109.59;41.16;124.60;47.87;142.71;52.02;164.41;52.63;188.23;49.53;210.88;43.52;230.15;35.68;246.04;26.87;259.55;17.67;271.68;8.52;283.25;-0.20;294.87;--;--;--;--;--;--;
2023-05-01;--;--;--;--;--;--;--;--;--;--;--;--;5.86;73.09;14.93;84.59;24.18;96.45;33.19;109.40;41.44;124.42;48.17;142.58;52.32;164.38;52.93;188.33;49.81;211.08;43.77;230.40;35.91;246.29;27.09;259.79;17.89;271.91;8.74;283.46;0.03;295.07;--;--;--;--;--;--;
2023-05-02;--;--;--;--;--;--;--;--;--;--;--;--;6.12;72.93;15.18;84.41;24.43;96.26;33.44;109.21;41.71;124.24;48.45;142.44;52.63;164.34;53.23;188.42;50.08;211.28;44.02;230.63;36.14;246.54;27.30;260.03;18.10;272.13;8.96;283.67;0.26;295.26;--;--;--;--;--;--;
2023-05-03;--;--;--;--;--;--;--;--;--;--;--;--;6.37;72.77;15.43;84.24;24.67;96.08;33.70;109.02;41.97;124.06;48.74;142.30;52.92;164.29;53.52;188.51;50.35;211.47;44.26;230.87;36.36;246.78;27.52;260.26;18.31;272.35;9.18;283.88;0.49;295.46;--;--;--;--;--;--;
2023-05-04;--;--;--;--;--;--;--;--;--;--;--;--;6.61;72.61;15.67;84.07;24.91;95.89;33.94;108.83;42.24;123.88;49.01;142.16;53.21;164.25;53.81;188.59;50.62;211.66;44.50;231.10;36.58;247.02;27.73;260.49;18.52;272.57;9.39;284.08;0.71;295.64;--;--;--;--;--;--;
2023-05-05;--;--;--;--;--;--;--;--;--;--;--;--;6.86;72.45;15.90;83.89;25.15;95.71;34.19;108.64;42.49;123.70;49.29;142.02;53.50;164.20;54.09;188.68;50.88;211.84;44.74;231.33;36.80;247.25;27.93;260.71;18.72;272.78;9.60;284.28;0.93;295.82;--;--;--;--;--;--;
2023-05-06;--;--;--;--;--;--;--;--;--;--;--;--;7.09;72.29;16.14;83.72;25.38;95.52;34.42;108.45;42.74;123.51;49.56;141.87;53.78;164.15;54.37;188.76;51.14;212.02;44.98;231.55;37.02;247.48;28.14;260.93;18.93;272.99;9.81;284.47;1.15;296.00;--;--;--;--;--;--;
2023-05-07;--;--;--;--;--;--;--;--;--;--;--;--;7.32;72.13;16.36;83.55;25.60;95.34;34.65;108.26;42.98;123.33;49.82;141.73;54.06;164.09;54.65;188.83;51.40;212.20;45.21;231.77;37.23;247.70;28.34;261.14;19.13;273.19;10.02;284.66;1.37;296.18;--;--;--;--;--;--;
2023-05-08;--;--;--;--;--;--;--;--;--;--;--;--;7.55;71.97;16.58;83.37;25.82;95.15;34.88;108.07;43.22;123.14;50.07;141.58;54.33;164.03;54.92;188.90;51.65;212.37;45.44;231.99;37.44;247.92;28.55;261.35;19.33;273.38;10.22;284.84;1.58;296.34;--;--;--;--;--;--;
2023-05-09;--;--;--;--;--;--;--;--;--;--;-0.68;60.22;7.77;71.81;16.80;83.20;26.04;94.97;35.10;107.88;43.46;122.96;50.33;141.43;54.60;163.97;55.18;188.97;51.90;212.54;45.66;232.20;37.65;248.13;28.74;261.56;19.53;273.58;10.42;285.02;1.79;296.51;--;--;--;--;--;--;
2023-05-10;--;--;--;--;--;--;--;--;--;--;-0.45;60.08;7.99;71.66;17.01;83.03;26.25;94.79;35.32;107.69;43.68;122.77;50.57;141.27;54.86;163.91;55.44;189.04;52.14;212.71;45.88;232.40;37.86;248.34;28.94;261.76;19.72;273.77;10.62;285.19;2.00;296.67;--;--;--;--;--;--;
2023-05-11;--;--;--;--;--;--;--;--;--;--;-0.23;59.94;8.20;71.50;17.21;82.87;26.45;94.61;35.52;107.50;43.91;122.58;50.81;141.12;55.12;163.84;55.70;189.10;52.38;212.87;46.10;232.60;38.06;248.55;29.13;261.96;19.91;273.95;10.82;285.36;2.21;296.82;--;--;--;--;--;--;
2023-05-12;--;--;--;--;--;--;--;--;--;--;-0.02;59.80;8.40;71.35;17.41;82.70;26.65;94.43;35.73;107.31;44.12;122.40;51.05;140.96;55.37;163.77;55.95;189.15;52.62;213.02;46.32;232.80;38.26;248.75;29.33;262.15;20.10;274.13;11.01;285.53;2.41;296.97;--;--;--;--;--;--;
2023-05-13;--;--;--;--;--;--;--;--;--;--;0.19;59.66;8.60;71.20;17.61;82.53;26.84;94.25;35.93;107.13;44.33;122.21;51.28;140.80;55.61;163.69;56.20;189.20;52.85;213.17;46.53;232.99;38.45;248.94;29.51;262.33;20.29;274.30;11.20;285.69;2.61;297.12;--;--;--;--;--;--;
2023-05-14;--;--;--;--;--;--;--;--;--;--;0.40;59.53;8.80;71.04;17.79;82.37;27.03;94.08;36.12;106.94;44.54;122.02;51.50;140.64;55.85;163.62;56.44;189.25;53.07;213.32;46.73;233.17;38.65;249.13;29.70;262.51;20.48;274.47;11.39;285.84;2.81;297.26;--;--;--;--;--;--;
2023-05-15;--;--;--;--;--;--;--;--;--;--;0.60;59.39;8.99;70.89;17.98;82.20;27.21;93.90;36.31;106.75;44.74;121.83;51.72;140.48;56.09;163.54;56.68;189.29;53.30;213.46;46.94;233.35;38.84;249.32;29.88;262.69;20.66;274.63;11.58;285.99;3.00;297.39;--;--;--;--;--;--;
2023-05-16;--;--;--;--;--;--;--;--;--;--;0.79;59.26;9.17;70.74;18.15;82.04;27.39;93.73;36.49;106.57;44.93;121.65;51.93;140.32;56.32;163.45;56.91;189.33;53.52;213.59;47.14;233.52;39.02;249.49;30.06;262.86;20.84;274.79;11.76;286.14;3.20;297.52;--;--;--;--;--;--;
2023-05-17;--;--;--;--;--;--;--;--;--;--;0.98;59.12;9.35;70.60;18.32;81.88;27.56;93.55;36.66;106.39;45.12;121.46;52.13;140.16;56.54;163.36;57.14;189.37;53.73;213.72;47.34;233.69;39.21;249.67;30.24;263.02;21.01;274.94;11.94;286.28;3.38;297.65;--;--;--;--;--;--;
2023-05-18;--;--;--;--;--;--;--;--;--;--;1.16;58.99;9.52;70.45;18.49;81.72;27.72;93.38;36.83;106.20;45.30;121.27;52.33;139.99;56.76;163.27;57.36;189.40;53.94;213.85;47.53;233.86;39.39;249.83;30.41;263.18;21.19;275.09;12.12;286.41;3.57;297.77;--;--;--;--;--;--;
2023-05-19;--;--;--;--;--;--;--;--;--;--;1.33;58.86;9.69;70.31;18.65;81.57;27.88;93.21;36.99;106.02;45.47;121.09;52.52;139.83;56.97;163.18;57.58;189.42;54.15;213.96;47.72;234.01;39.56;250.00;30.58;263.34;21.36;275.23;12.30;286.54;3.75;297.89;--;--;--;--;--;--;
2023-05-20;--;--;--;--;--;--;--;--;--;--;1.50;58.73;9.85;70.16;18.80;81.41;28.03;93.05;37.15;105.84;45.64;120.91;52.71;139.66;57.17;163.08;57.79;189.44;54.35;214.08;47.90;234.16;39.74;250.15;30.75;263.48;21.52;275.37;12.47;286.67;3.93;298.00;--;--;--;--;--;--;
2023-05-21;--;--;--;--;--;--;--;--;--;--;1.67;58.61;10.00;70.02;18.95;81.26;28.18;92.88;37.30;105.66;45.80;120.72;52.89;139.49;57.37;162.98;57.99;189.45;54.54;214.18;48.08;234.31;39.91;250.30;30.92;263.63;21.69;275.50;12.63;286.79;4.10;298.10;--;--;--;--;--;--;
2023-05-22;--;--;--;--;--;--;--;--;--;--;1.83;58.48;10.15;69.88;19.10;81.11;28.32;92.72;37.45;105.49;45.96;120.54;53.06;139.33;57.56;162.88;58.20;189.46;54.73;214.28;48.26;234.45;40.07;250.45;31.08;263.76;21.85;275.63;12.80;286.90;4.28;298.21;--;--;--;--;--;--;
2023-05-23;--;--;--;--;--;--;--;--;--;--;1.98;58.35;10.29;69.75;19.23;80.96;28.46;92.55;37.59;105.32;46.11;120.36;53.23;139.16;57.75;162.78;58.39;189.47;54.92;214.38;48.43;234.58;40.24;250.58;31.23;263.89;22.01;275.75;12.96;287.01;4.44;298.30;--;--;--;--;--;--;
2023-05-24;--;--;--;--;--;--;--;--;--;--;2.12;58.23;10.43;69.61;19.36;80.81;28.59;92.40;37.72;105.14;46.25;120.18;53.39;138.99;57.93;162.67;58.58;189.47;55.10;214.47;48.60;234.71;40.40;250.71;31.39;264.02;22.16;275.86;13.12;287.11;4.61;298.39;--;--;--;--;--;--;
2023-05-25;--;--;--;--;--;--;--;--;--;--;2.26;58.11;10.56;69.48;19.49;80.67;28.71;92.24;37.85;104.97;46.39;120.00;53.55;138.83;58.11;162.56;58.76;189.46;55.28;214.55;48.77;234.82;40.55;250.84;31.54;264.14;22.31;275.97;13.27;287.21;4.77;298.48;--;--;--;--;--;--;
2023-05-26;--;--;--;--;--;--;--;--;--;--;2.40;57.99;10.68;69.35;19.61;80.53;28.83;92.08;37.97;104.81;46.52;119.83;53.70;138.66;58.27;162.45;58.94;189.45;55.45;214.63;48.93;234.94;40.70;250.96;31.69;264.25;22.46;276.08;13.42;287.31;4.92;298.56;--;--;--;--;--;--;
2023-05-27;--;--;--;--;--;--;--;--;--;--;2.53;57.87;10.80;69.22;19.72;80.39;28.94;91.93;38.08;104.64;46.64;119.65;53.84;138.49;58.44;162.34;59.11;189.44;55.62;214.70;49.09;235.04;40.85;251.07;31.83;264.36;22.61;276.17;13.57;287.39;5.08;298.64;--;--;--;--;--;--;
2023-05-28;--;--;--;--;--;--;--;--;--;--;2.65;57.76;10.92;69.09;19.83;80.25;29.04;91.78;38.19;104.48;46.76;119.48;53.97;138.33;58.59;162.22;59.28;189.42;55.78;214.76;49.24;235.14;41.00;251.18;31.98;264.46;22.75;276.27;13.72;287.48;5.22;298.71;--;--;--;--;--;--;
2023-05-29;--;--;--;--;--;--;--;--;--;--;2.77;57.64;11.02;68.97;19.93;80.11;29.14;91.64;38.29;104.32;46.88;119.31;54.10;138.17;58.74;162.10;59.44;189.39;55.94;214.82;49.39;235.24;41.14;251.28;32.11;264.55;22.88;276.35;13.86;287.55;5.37;298.77;--;--;--;--;--;--;
2023-05-30;--;--;--;--;--;--;--;--;--;--;2.88;57.53;11.12;68.85;20.02;79.98;29.24;91.50;38.39;104.17;46.98;119.15;54.22;138.00;58.88;161.98;59.59;189.36;56.09;214.87;49.53;235.32;41.27;251.37;32.25;264.64;23.02;276.44;13.99;287.63;5.51;298.84;--;--;--;--;--;--;
2023-05-31;--;--;--;--;--;--;--;--;--;--;2.98;57.42;11.22;68.73;20.11;79.85;29.32;91.36;38.48;104.02;47.08;118.98;54.34;137.84;59.02;161.86;59.74;189.33;56.24;214.91;49.67;235.40;41.41;251.46;32.38;264.73;23.15;276.51;14.12;287.69;5.65;298.89;--;--;--;--;--;--;
2023-06-01;--;--;--;--;--;--;--;--;--;--;3.08;57.31;11.31;68.61;20.20;79.73;29.41;91.22;38.56;103.87;47.17;118.82;54.45;137.68;59.15;161.74;59.88;189.29;56.38;214.95;49.80;235.47;41.54;251.54;32.50;264.80;23.27;276.58;14.25;287.76;5.78;298.94;--;--;--;--;--;--;
2023-06-02;--;--;--;--;--;--;--;--;--;--;3.17;57.21;11.39;68.50;20.28;79.61;29.48;91.09;38.64;103.72;47.26;118.66;54.55;137.52;59.27;161.62;60.02;189.25;56.51;214.98;49.93;235.54;41.66;251.61;32.63;264.88;23.40;276.65;14.38;287.81;5.90;298.99;--;--;--;--;--;--;
2023-06-03;--;--;--;--;--;--;--;--;--;--;3.25;57.11;11.47;68.39;20.35;79.49;29.55;90.96;38.72;103.58;47.34;118.51;54.65;137.37;59.38;161.50;60.15;189.20;56.64;215.00;50.06;235.60;41.78;251.68;32.74;264.94;23.52;276.71;14.50;287.86;6.03;299.03;--;--;--;--;--;--;
2023-06-04;--;--;--;--;--;--;--;--;--;--;3.33;57.01;11.54;68.28;20.41;79.37;29.62;90.83;38.78;103.44;47.42;118.36;54.74;137.21;59.49;161.37;60.27;189.15;56.77;215.02;50.18;235.65;41.90;251.74;32.86;265.00;23.63;276.76;14.61;287.91;6.15;299.07;--;--;--;--;--;--;
2023-06-05;--;--;--;--;--;--;--;--;--;--;3.41;56.91;11.61;68.18;20.47;79.26;29.67;90.71;38.84;103.31;47.49;118.21;54.82;137.06;59.59;161.25;60.39;189.09;56.89;215.03;50.30;235.69;42.01;251.79;32.97;265.05;23.74;276.81;14.72;287.95;6.26;299.10;--;--;--;--;--;--;
2023-06-06;--;--;--;--;--;--;--;--;--;--;3.47;56.81;11.67;68.08;20.53;79.15;29.73;90.59;38.90;103.18;47.55;118.07;54.90;136.91;59.69;161.12;60.50;189.03;57.00;215.04;50.41;235.73;42.12;251.84;33.07;265.10;23.85;276.85;14.83;287.98;6.37;299.13;--;--;--;--;--;--;
2023-06-07;--;--;--;--;--;--;--;--;--;--;3.53;56.72;11.72;67.98;20.58;79.05;29.77;90.48;38.95;103.05;47.60;117.93;54.97;136.77;59.78;160.99;60.60;188.97;57.11;215.03;50.51;235.76;42.22;251.88;33.18;265.14;23.95;276.88;14.93;288.02;6.47;299.15;--;--;--;--;--;--;
2023-06-08;--;--;--;--;--;--;--;--;--;--;3.59;56.63;11.77;67.88;20.62;78.95;29.82;90.37;38.99;102.93;47.65;117.80;55.03;136.63;59.86;160.87;60.70;188.90;57.21;215.02;50.61;235.78;42.32;251.91;33.27;265.17;24.05;276.92;15.03;288.04;6.57;299.17;--;--;--;--;--;--;
2023-06-09;--;--;--;--;--;--;--;--;--;--;3.64;56.55;11.81;67.79;20.66;78.85;29.85;90.26;39.03;102.82;47.70;117.67;55.09;136.49;59.93;160.75;60.79;188.82;57.31;215.01;50.71;235.80;42.42;251.94;33.37;265.20;24.14;276.94;15.13;288.06;6.67;299.18;--;--;--;--;--;--;
2023-06-10;--;--;--;--;--;--;--;--;--;--;3.68;56.46;11.84;67.70;20.69;78.75;29.88;90.16;39.06;102.70;47.73;117.54;55.14;136.35;60.00;160.62;60.87;188.75;57.40;214.99;50.80;235.81;42.51;251.96;33.46;265.22;24.23;276.96;15.22;288.08;6.76;299.19;-0.81;310.75;--;--;--;--;
2023-06-11;--;--;--;--;--;--;--;--;--;--;3.72;56.38;11.87;67.62;20.71;78.66;29.90;90.07;39.08;102.60;47.77;117.42;55.18;136.22;60.06;160.50;60.95;188.67;57.48;214.96;50.89;235.81;42.59;251.97;33.54;265.24;24.31;276.97;15.30;288.08;6.84;299.19;-0.73;310.74;--;--;--;--;
2023-06-12;--;--;--;--;--;--;--;--;--;--;3.75;56.31;11.90;67.54;20.73;78.58;29.92;89.97;39.10;102.49;47.79;117.31;55.22;136.09;60.12;160.38;61.02;188.59;57.56;214.93;50.97;235.80;42.67;251.98;33.62;265.25;24.39;276.98;15.38;288.09;6.92;299.19;-0.65;310.73;--;--;--;--;
2023-06-13;--;--;--;--;--;--;--;--;--;--;3.77;56.23;11.92;67.46;20.75;78.50;29.94;89.89;39.12;102.40;47.81;117.20;55.25;135.97;60.16;160.26;61.08;188.50;57.64;214.89;51.04;235.79;42.75;251.98;33.70;265.25;24.47;276.99;15.45;288.09;6.99;299.19;-0.58;310.72;--;--;--;--;
2023-06-14;--;--;--;--;--;--;--;--;--;--;3.79;56.16;11.93;67.39;20.76;78.42;29.94;89.80;39.13;102.30;47.83;117.09;55.27;135.85;60.20;160.14;61.14;188.41;57.70;214.84;51.11;235.78;42.82;251.97;33.77;265.25;24.54;276.98;15.52;288.08;7.06;299.18;-0.51;310.71;--;--;--;--;
2023-06-15;--;--;--;--;--;--;--;--;--;--;3.80;56.09;11.94;67.32;20.76;78.35;29.95;89.72;39.13;102.22;47.83;116.99;55.29;135.74;60.24;160.02;61.19;188.32;57.76;214.79;51.18;235.75;42.88;251.96;33.83;265.24;24.60;276.97;15.59;288.07;7.13;299.16;-0.45;310.69;--;--;--;--;
2023-06-16;--;--;--;--;--;--;--;--;--;--;3.81;56.03;11.94;67.25;20.76;78.28;29.94;89.65;39.13;102.14;47.84;116.90;55.30;135.63;60.26;159.91;61.23;188.23;57.82;214.73;51.24;235.72;42.94;251.94;33.89;265.23;24.66;276.96;15.65;288.06;7.19;299.14;-0.39;310.66;--;--;--;--;
2023-06-17;--;--;--;--;--;--;--;--;--;--;3.81;55.97;11.93;67.19;20.75;78.22;29.93;89.58;39.12;102.06;47.83;116.81;55.31;135.53;60.28;159.79;61.27;188.13;57.87;214.67;51.29;235.68;43.00;251.92;33.95;265.21;24.72;276.94;15.70;288.04;7.24;299.12;-0.34;310.63;--;--;--;--;
2023-06-18;--;--;--;--;--;--;--;--;--;--;3.80;55.91;11.92;67.14;20.74;78.16;29.92;89.52;39.11;101.99;47.82;116.73;55.30;135.43;60.30;159.68;61.30;188.03;57.91;214.60;51.34;235.64;43.05;251.89;34.00;265.18;24.77;276.92;15.75;288.01;7.29;299.09;-0.29;310.60;--;--;--;--;
2023-06-19;--;--;--;--;--;--;--;--;--;--;3.79;55.86;11.91;67.08;20.72;78.10;29.90;89.46;39.09;101.92;47.81;116.65;55.30;135.34;60.30;159.58;61.32;187.93;57.94;214.52;51.38;235.58;43.09;251.85;34.05;265.15;24.81;276.89;15.80;287.99;7.33;299.06;-0.25;310.57;--;--;--;--;
2023-06-20;--;--;--;--;--;--;--;--;--;--;3.78;55.81;11.89;67.03;20.70;78.06;29.88;89.41;39.07;101.87;47.79;116.58;55.28;135.25;60.30;159.47;61.34;187.83;57.97;214.44;51.42;235.53;43.13;251.80;34.09;265.11;24.86;276.86;15.84;287.95;7.37;299.03;-0.22;310.53;--;--;--;--;
2023-06-21;--;--;--;--;--;--;--;--;--;--;3.75;55.77;11.86;66.99;20.67;78.01;29.85;89.36;39.04;101.81;47.76;116.52;55.27;135.17;60.29;159.37;61.34;187.73;58.00;214.36;51.45;235.46;43.17;251.75;34.12;265.07;24.89;276.82;15.87;287.91;7.40;298.99;-0.19;310.49;--;--;--;--;
2023-06-22;--;--;--;--;--;--;--;--;--;--;3.73;55.73;11.83;66.95;20.64;77.97;29.81;89.32;39.00;101.77;47.73;116.46;55.24;135.09;60.28;159.28;61.35;187.62;58.01;214.27;51.47;235.39;43.20;251.70;34.15;265.02;24.92;276.77;15.90;287.87;7.42;298.94;-0.17;310.44;--;--;--;--;
2023-06-23;--;--;--;--;--;--;--;--;--;--;3.69;55.69;11.79;66.92;20.60;77.94;29.77;89.28;38.96;101.72;47.69;116.41;55.21;135.02;60.26;159.18;61.34;187.52;58.02;214.18;51.49;235.32;43.22;251.64;34.18;264.97;24.95;276.73;15.92;287.82;7.44;298.90;-0.16;310.39;--;--;--;--;
2023-06-24;--;--;--;--;--;--;--;--;--;--;3.65;55.65;11.75;66.89;20.55;77.91;29.73;89.25;38.92;101.69;47.65;116.36;55.17;134.96;60.23;159.09;61.33;187.41;58.02;214.08;51.51;235.24;43.24;251.57;34.20;264.91;24.97;276.67;15.94;287.77;7.46;298.85;-0.15;310.34;--;--;--;--;
2023-06-25;--;--;--;--;--;--;--;--;--;--;3.61;55.63;11.71;66.86;20.51;77.88;29.68;89.23;38.87;101.66;47.60;116.32;55.13;134.90;60.20;159.01;61.31;187.31;58.02;213.98;51.51;235.15;43.25;251.50;34.21;264.85;24.98;276.61;15.95;287.72;7.47;298.79;-0.15;310.29;--;--;--;--;
2023-06-26;--;--;--;--;--;--;--;--;--;--;3.56;55.60;11.65;66.84;20.45;77.86;29.63;89.21;38.82;101.64;47.55;116.29;55.08;134.85;60.16;158.93;61.28;187.20;58.01;213.87;51.51;235.06;43.26;251.42;34.22;264.78;24.99;276.55;15.96;287.66;7.47;298.73;-0.15;310.23;--;--;--;--;
2023-06-27;--;--;--;--;--;--;--;--;--;--;3.50;55.58;11.60;66.82;20.39;77.85;29.57;89.20;38.76;101.62;47.49;116.27;55.02;134.81;60.11;158.85;61.25;187.09;57.99;213.76;51.51;234.96;43.26;251.34;34.23;264.71;24.99;276.48;15.96;287.59;7.47;298.67;-0.16;310.17;--;--;--;--;
2023-06-28;--;--;--;--;--;--;--;--;--;--;3.44;55.56;11.53;66.81;20.33;77.84;29.50;89.19;38.69;101.61;47.43;116.25;54.96;134.77;60.06;158.78;61.21;186.99;57.97;213.64;51.50;234.86;43.26;251.25;34.22;264.63;24.99;276.41;15.96;287.52;7.46;298.60;-0.17;310.10;--;--;--;--;
2023-06-29;--;--;--;--;--;--;--;--;--;--;3.38;55.55;11.47;66.80;20.26;77.84;29.44;89.19;38.63;101.61;47.36;116.24;54.90;134.74;60.00;158.72;61.16;186.88;57.94;213.53;51.48;234.75;43.25;251.15;34.22;264.54;24.98;276.33;15.95;287.45;7.44;298.54;-0.19;310.04;--;--;--;--;
2023-06-30;--;--;--;--;--;--;--;--;--;--;3.30;55.54;11.39;66.80;20.19;77.84;29.36;89.19;38.55;101.61;47.29;116.24;54.82;134.72;59.93;158.66;61.11;186.78;57.90;213.41;51.46;234.64;43.23;251.05;34.20;264.46;24.97;276.25;15.93;287.38;7.42;298.46;-0.22;309.97;--;--;--;--;
2023-07-01;--;--;--;--;--;--;--;--;--;--;3.23;55.54;11.32;66.80;20.11;77.85;29.29;89.20;38.48;101.62;47.21;116.24;54.75;134.70;59.86;158.60;61.05;186.68;57.86;213.28;51.43;234.52;43.21;250.95;34.18;264.36;24.95;276.17;15.91;287.30;7.39;298.39;-0.26;309.89;--;--;--;--;
2023-07-02;--;--;--;--;--;--;--;--;--;--;3.15;55.54;11.24;66.81;20.03;77.86;29.21;89.22;38.40;101.64;47.13;116.25;54.66;134.69;59.78;158.55;60.98;186.57;57.81;213.16;51.39;234.40;43.18;250.84;34.16;264.27;24.93;276.08;15.88;287.21;7.36;298.31;-0.30;309.82;--;--;--;--;
2023-07-03;--;--;--;--;--;--;--;--;--;--;3.06;55.55;11.15;66.82;19.95;77.88;29.12;89.24;38.31;101.66;47.04;116.27;54.58;134.69;59.69;158.50;60.91;186.47;57.75;213.03;51.35;234.27;43.15;250.73;34.13;264.16;24.89;275.99;15.85;287.13;7.32;298.23;-0.34;309.74;--;--;--;--;
2023-07-04;--;--;--;--;--;--;--;--;--;--;2.97;55.56;11.06;66.84;19.86;77.90;29.03;89.27;38.22;101.69;46.95;116.29;54.48;134.70;59.60;158.46;60.83;186.38;57.69;212.90;51.30;234.14;43.11;250.61;34.09;264.06;24.86;275.89;15.81;287.04;7.28;298.14;-0.40;309.66;--;--;--;--;
2023-07-05;--;--;--;--;--;--;--;--;--;--;2.87;55.57;10.96;66.86;19.76;77.93;28.94;89.30;38.12;101.72;46.85;116.32;54.38;134.71;59.50;158.43;60.74;186.28;57.62;212.77;51.25;234.01;43.06;250.49;34.05;263.95;24.82;275.79;15.76;286.94;7.22;298.05;-0.45;309.58;--;--;--;--;
2023-07-06;--;--;--;--;--;--;--;--;--;--;2.77;55.59;10.86;66.89;19.67;77.96;28.84;89.34;38.03;101.77;46.75;116.36;54.28;134.73;59.40;158.40;60.65;186.18;57.54;212.63;51.18;233.87;43.01;250.36;34.00;263.83;24.77;275.68;15.71;286.85;7.17;297.96;-0.52;309.49;--;--;--;--;
2023-07-07;--;--;--;--;--;--;--;--;--;--;2.66;55.61;10.76;66.93;19.56;78.00;28.74;89.38;37.92;101.81;46.65;116.41;54.17;134.76;59.29;158.38;60.55;186.09;57.46;212.50;51.12;233.73;42.95;250.23;33.95;263.71;24.71;275.58;15.65;286.75;7.10;297.87;-0.59;309.41;--;--;--;--;
2023-07-08;--;--;--;--;--;--;--;--;--;--;2.55;55.64;10.65;66.96;19.46;78.05;28.63;89.44;37.82;101.87;46.54;116.46;54.06;134.79;59.17;158.36;60.44;186.00;57.37;212.36;51.04;233.59;42.89;250.10;33.89;263.59;24.66;275.46;15.59;286.64;7.03;297.77;-0.67;309.32;--;--;--;--;
2023-07-09;--;--;--;--;--;--;--;--;--;--;2.44;55.68;10.54;67.01;19.35;78.10;28.52;89.49;37.70;101.93;46.42;116.52;53.94;134.83;59.05;158.35;60.32;185.91;57.27;212.22;50.96;233.44;42.82;249.96;33.83;263.47;24.59;275.35;15.52;286.54;6.96;297.67;-0.75;309.23;--;--;--;--;
2023-07-10;--;--;--;--;--;--;--;--;--;--;2.32;55.71;10.42;67.06;19.23;78.16;28.41;89.56;37.59;102.00;46.31;116.59;53.81;134.88;58.92;158.35;60.20;185.83;57.17;212.08;50.88;233.29;42.74;249.82;33.75;263.34;24.52;275.23;15.44;286.43;6.88;297.57;--;--;--;--;--;--;
2023-07-11;--;--;--;--;--;--;--;--;--;--;2.19;55.76;10.30;67.11;19.11;78.22;28.29;89.63;37.47;102.08;46.18;116.66;53.68;134.93;58.79;158.35;60.08;185.75;57.06;211.94;50.78;233.14;42.66;249.67;33.68;263.21;24.44;275.11;15.36;286.32;6.79;297.47;--;--;--;--;--;--;
2023-07-12;--;--;--;--;--;--;--;--;--;--;2.06;55.81;10.18;67.17;18.99;78.29;28.17;89.70;37.35;102.16;46.06;116.74;53.55;135.00;58.65;158.36;59.94;185.67;56.94;211.81;50.68;232.98;42.57;249.52;33.59;263.07;24.36;274.98;15.28;286.20;6.70;297.36;--;--;--;--;--;--;
2023-07-13;--;--;--;--;--;--;--;--;--;--;1.93;55.86;10.05;67.23;18.87;78.36;28.04;89.79;37.22;102.25;45.92;116.83;53.41;135.07;58.51;158.37;59.80;185.60;56.82;211.67;50.58;232.83;42.48;249.37;33.50;262.93;24.27;274.86;15.18;286.08;6.60;297.25;--;--;--;--;--;--;
2023-07-14;--;--;--;--;--;--;--;--;--;--;1.79;55.92;9.92;67.30;18.74;78.44;27.92;89.87;37.09;102.34;45.79;116.92;53.27;135.14;58.36;158.39;59.65;185.52;56.69;211.53;50.46;232.67;42.38;249.22;33.41;262.79;24.17;274.73;15.08;285.96;6.49;297.14;--;--;--;--;--;--;
2023-07-15;--;--;--;--;--;--;--;--;--;--;1.65;55.98;9.78;67.38;18.60;78.53;27.79;89.97;36.96;102.44;45.65;117.02;53.12;135.23;58.20;158.42;59.50;185.46;56.55;211.39;50.34;232.51;42.27;249.06;33.31;262.64;24.07;274.59;14.98;285.84;6.38;297.03;--;--;--;--;--;--;
2023-07-16;--;--;--;--;--;--;--;--;--;--;1.51;56.05;9.64;67.46;18.47;78.62;27.65;90.07;36.82;102.55;45.51;117.13;52.97;135.32;58.04;158.45;59.34;185.39;56.41;211.25;50.22;232.34;42.16;248.90;33.20;262.50;23.97;274.46;14.87;285.72;6.26;296.92;--;--;--;--;--;--;
2023-07-17;--;--;--;--;--;--;--;--;--;--;1.36;56.12;9.50;67.54;18.33;78.72;27.51;90.17;36.68;102.66;45.36;117.25;52.81;135.42;57.87;158.49;59.18;185.33;56.26;211.11;50.09;232.18;42.04;248.74;33.09;262.35;23.85;274.32;14.75;285.59;6.13;296.80;--;--;--;--;--;--;
2023-07-18;--;--;--;--;--;--;--;--;--;--;1.20;56.20;9.35;67.63;18.18;78.82;27.37;90.29;36.54;102.78;45.21;117.37;52.65;135.52;57.70;158.53;59.01;185.27;56.10;210.97;49.95;232.01;41.91;248.58;32.97;262.19;23.73;274.18;14.63;285.46;6.00;296.68;--;--;--;--;--;--;
2023-07-19;--;--;--;--;--;--;--;--;--;--;1.05;56.28;9.20;67.73;18.04;78.92;27.23;90.40;36.39;102.91;45.06;117.50;52.48;135.63;57.52;158.58;58.83;185.22;55.94;210.83;49.80;231.85;41.78;248.41;32.84;262.04;23.61;274.04;14.50;285.33;5.87;296.56;--;--;--;--;--;--;
2023-07-20;--;--;--;--;--;--;--;--;--;--;0.88;56.37;9.04;67.83;17.89;79.04;27.08;90.53;36.24;103.04;44.90;117.63;52.31;135.75;57.34;158.64;58.64;185.17;55.77;210.70;49.65;231.68;41.64;248.25;32.71;261.88;23.48;273.89;14.37;285.19;5.73;296.44;--;--;--;--;--;--;
2023-07-21;--;--;--;--;--;--;--;--;--;--;0.72;56.46;8.89;67.94;17.74;79.15;26.93;90.66;36.09;103.18;44.74;117.78;52.14;135.87;57.15;158.70;58.46;185.13;55.59;210.57;49.50;231.51;41.50;248.08;32.57;261.72;23.34;273.75;14.22;285.06;5.58;296.32;--;--;--;--;--;--;
2023-07-22;--;--;--;--;--;--;--;--;--;--;0.55;56.56;8.72;68.05;17.58;79.28;26.77;90.79;35.93;103.32;44.57;117.92;51.96;136.00;56.96;158.77;58.26;185.09;55.41;210.43;49.33;231.34;41.35;247.91;32.43;261.56;23.20;273.60;14.08;284.92;5.42;296.19;--;--;--;--;--;--;
2023-07-23;--;--;--;--;--;--;--;--;--;--;0.38;56.66;8.56;68.16;17.42;79.41;26.62;90.93;35.77;103.47;44.40;118.08;51.78;136.14;56.76;158.84;58.06;185.05;55.22;210.30;49.16;231.18;41.19;247.74;32.28;261.40;23.05;273.45;13.93;284.78;5.26;296.07;--;--;--;--;--;--;
2023-07-24;--;--;--;--;--;--;--;--;--;--;0.20;56.77;8.39;68.29;17.26;79.54;26.46;91.08;35.61;103.63;44.23;118.24;51.59;136.28;56.56;158.92;57.85;185.02;55.03;210.17;48.99;231.01;41.03;247.56;32.13;261.24;22.90;273.29;13.77;284.64;5.10;295.94;--;--;--;--;--;--;
2023-07-25;--;--;--;--;--;--;--;--;--;--;0.03;56.88;8.22;68.41;17.10;79.68;26.29;91.23;35.44;103.79;44.06;118.40;51.40;136.43;56.35;159.01;57.64;184.99;54.83;210.05;48.80;230.84;40.86;247.39;31.97;261.07;22.74;273.14;13.60;284.50;4.93;295.81;--;--;--;--;--;--;
2023-07-26;--;--;--;--;--;--;--;--;--;--;-0.16;57.00;8.05;68.54;16.93;79.83;26.13;91.39;35.27;103.96;43.88;118.58;51.20;136.59;56.14;159.10;57.42;184.96;54.62;209.92;48.62;230.67;40.69;247.21;31.80;260.90;22.57;272.98;13.43;284.36;4.75;295.68;--;--;--;--;--;--;
2023-07-27;--;--;--;--;--;--;--;--;--;--;-0.34;57.12;7.87;68.68;16.76;79.98;25.96;91.55;35.10;104.13;43.69;118.75;51.00;136.75;55.92;159.19;57.20;184.94;54.41;209.80;48.42;230.50;40.51;247.04;31.63;260.73;22.40;272.83;13.26;284.21;4.57;295.55;--;--;--;--;--;--;
2023-07-28;--;--;--;--;--;--;--;--;--;--;-0.53;57.25;7.70;68.82;16.59;80.13;25.79;91.72;34.93;104.31;43.51;118.94;50.80;136.92;55.70;159.29;56.97;184.92;54.19;209.68;48.22;230.33;40.32;246.86;31.45;260.56;22.22;272.67;13.08;284.07;4.38;295.41;--;--;--;--;--;--;
2023-07-29;--;--;--;--;--;--;--;--;--;--;-0.72;57.38;7.51;68.97;16.41;80.29;25.62;91.89;34.75;104.50;43.32;119.13;50.59;137.09;55.47;159.40;56.74;184.91;53.97;209.56;48.02;230.16;40.13;246.68;31.26;260.39;22.04;272.51;12.89;283.92;4.18;295.28;--;--;--;--;--;--;
2023-07-30;--;--;--;--;--;--;--;--;--;--;--;--;7.33;69.12;16.23;80.46;25.44;92.07;34.57;104.69;43.13;119.32;50.38;137.27;55.24;159.51;56.50;184.90;53.74;209.44;47.80;230.00;39.93;246.50;31.07;260.22;21.85;272.35;12.70;283.77;3.98;295.15;--;--;--;--;--;--;
2023-07-31;--;--;--;--;--;--;--;--;--;--;--;--;7.14;69.28;16.05;80.63;25.26;92.25;34.39;104.88;42.93;119.52;50.17;137.45;55.01;159.62;56.25;184.90;53.50;209.33;47.59;229.83;39.73;246.33;30.88;260.05;21.66;272.18;12.50;283.62;3.78;295.01;--;--;--;--;--;--;
2023-08-01;--;--;--;--;--;--;--;--;--;--;--;--;6.95;69.44;15.87;80.80;25.08;92.44;34.20;105.09;42.74;119.73;49.95;137.64;54.77;159.74;56.00;184.90;53.26;209.22;47.36;229.66;39.52;246.15;30.68;259.87;21.46;272.02;12.30;283.47;3.56;294.87;--;--;--;--;--;--;
2023-08-02;--;--;--;--;--;--;--;--;--;--;--;--;6.76;69.61;15.69;80.98;24.90;92.63;34.01;105.29;42.53;119.94;49.73;137.83;54.52;159.87;55.75;184.90;53.01;209.11;47.13;229.50;39.30;245.97;30.47;259.70;21.25;271.86;12.09;283.32;3.35;294.74;--;--;--;--;--;--;
2023-08-03;--;--;--;--;--;--;--;--;--;--;--;--;6.57;69.78;15.50;81.17;24.71;92.83;33.82;105.50;42.33;120.16;49.50;138.03;54.27;160.00;55.49;184.91;52.76;209.00;46.90;229.34;39.08;245.79;30.26;259.52;21.04;271.69;11.87;283.17;3.13;294.60;--;--;--;--;--;--;
2023-08-04;--;--;--;--;--;--;--;--;--;--;--;--;6.37;69.96;15.31;81.36;24.53;93.04;33.63;105.72;42.12;120.38;49.28;138.23;54.02;160.13;55.22;184.92;52.51;208.90;46.66;229.17;38.86;245.61;30.04;259.35;20.82;271.53;11.66;283.01;2.90;294.46;--;--;--;--;--;--;
2023-08-05;--;--;--;--;--;--;--;--;--;--;--;--;6.17;70.14;15.12;81.55;24.34;93.25;33.43;105.94;41.91;120.61;49.04;138.44;53.77;160.27;54.95;184.93;52.24;208.80;46.41;229.01;38.63;245.43;29.82;259.17;20.60;271.36;11.43;282.86;2.67;294.32;--;--;--;--;--;--;
2023-08-06;--;--;--;--;--;--;--;--;--;--;--;--;5.97;70.32;14.93;81.75;24.14;93.46;33.24;106.16;41.70;120.84;48.81;138.65;53.50;160.41;54.68;184.95;51.98;208.70;46.16;228.85;38.39;245.26;29.59;259.00;20.38;271.19;11.20;282.70;2.43;294.18;--;--;--;--;--;--;
2023-08-07;--;--;--;--;--;--;--;--;--;--;--;--;5.77;70.51;14.73;81.96;23.95;93.68;33.04;106.39;41.49;121.07;48.57;138.87;53.24;160.55;54.40;184.97;51.70;208.60;45.90;228.69;38.15;245.08;29.35;258.82;20.15;271.02;10.97;282.55;2.19;294.04;--;--;--;--;--;--;
2023-08-08;--;--;--;--;--;--;--;--;--;--;--;--;5.56;70.71;14.53;82.17;23.75;93.90;32.83;106.63;41.27;121.31;48.33;139.09;52.97;160.70;54.12;184.99;51.43;208.51;45.64;228.54;37.90;244.90;29.11;258.64;19.91;270.86;10.73;282.39;1.94;293.90;--;--;--;--;--;--;
2023-08-09;--;--;--;--;--;--;--;--;--;--;--;--;5.36;70.91;14.33;82.38;23.55;94.12;32.63;106.87;41.05;121.55;48.08;139.31;52.70;160.86;53.83;185.02;51.14;208.42;45.37;228.38;37.65;244.72;28.87;258.47;19.67;270.69;10.48;282.23;1.69;293.76;--;--;--;--;--;--;
2023-08-10;--;--;--;--;--;--;--;--;--;--;--;--;5.15;71.11;14.13;82.59;23.35;94.35;32.42;107.11;40.82;121.80;47.83;139.54;52.42;161.01;53.54;185.05;50.85;208.33;45.10;228.23;37.39;244.55;28.62;258.29;19.42;270.52;10.23;282.08;1.43;293.61;--;--;--;--;--;--;
2023-08-11;--;--;--;--;--;--;--;--;--;--;--;--;4.94;71.32;13.93;82.82;23.15;94.59;32.21;107.36;40.59;122.05;47.58;139.77;52.14;161.17;53.24;185.09;50.56;208.25;44.82;228.08;37.13;244.37;28.37;258.11;19.17;270.35;9.98;281.92;1.17;293.47;--;--;--;--;--;--;
2023-08-12;--;--;--;--;--;--;--;--;--;--;--;--;4.72;71.53;13.72;83.04;22.95;94.83;32.00;107.61;40.36;122.31;47.32;140.01;51.86;161.33;52.94;185.13;50.27;208.17;44.54;227.93;36.86;244.20;28.11;257.94;18.91;270.18;9.72;281.76;0.90;293.33;--;--;--;--;--;--;
2023-08-13;--;--;--;--;--;--;--;--;--;--;--;--;4.51;71.75;13.52;83.27;22.74;95.07;31.78;107.86;40.13;122.57;47.06;140.24;51.57;161.50;52.64;185.17;49.96;208.09;44.25;227.78;36.59;244.02;27.85;257.76;18.65;270.01;9.46;281.60;0.63;293.19;--;--;--;--;--;--;
2023-08-14;--;--;--;--;--;--;--;--;--;--;--;--;4.29;71.97;13.31;83.51;22.53;95.32;31.57;108.12;39.90;122.83;46.80;140.48;51.28;161.67;52.33;185.21;49.66;208.01;43.96;227.63;36.31;243.85;27.58;257.58;18.39;269.84;9.19;281.44;0.35;293.04;--;--;--;--;--;--;
2023-08-15;--;--;--;--;--;--;--;--;--;--;--;--;4.07;72.19;13.10;83.74;22.32;95.57;31.35;108.38;39.66;123.10;46.54;140.73;50.98;161.84;52.02;185.26;49.35;207.94;43.67;227.49;36.03;243.68;27.30;257.41;18.12;269.67;8.91;281.28;0.07;292.90;--;--;--;--;--;--;
2023-08-16;--;--;--;--;--;--;--;--;--;--;--;--;3.85;72.42;12.88;83.98;22.11;95.82;31.13;108.65;39.42;123.37;46.27;140.98;50.69;162.01;51.70;185.31;49.03;207.86;43.37;227.34;35.74;243.51;27.03;257.23;17.84;269.50;8.64;281.13;-0.21;292.75;--;--;--;--;--;--;
2023-08-17;--;--;--;--;--;--;--;--;--;--;--;--;3.63;72.65;12.67;84.23;21.90;96.08;30.90;108.92;39.18;123.64;46.00;141.23;50.38;162.19;51.38;185.36;48.72;207.79;43.06;227.20;35.45;243.34;26.75;257.06;17.56;269.33;8.36;280.97;-0.50;292.61;--;--;--;--;--;--;
2023-08-18;--;--;--;--;--;--;--;--;--;--;--;--;3.41;72.89;12.46;84.48;21.68;96.34;30.68;109.19;38.93;123.91;45.72;141.48;50.08;162.37;51.06;185.41;48.39;207.73;42.75;227.06;35.15;243.17;26.46;256.88;17.28;269.16;8.07;280.81;-0.79;292.46;--;--;--;--;--;--;
2023-08-19;--;--;--;--;--;--;--;--;--;--;--;--;3.18;73.13;12.24;84.73;21.46;96.61;30.45;109.47;38.69;124.19;45.45;141.73;49.77;162.55;50.73;185.47;48.07;207.66;42.44;226.93;34.85;243.00;26.17;256.71;16.99;268.99;7.78;280.65;--;--;--;--;--;--;--;--;
2023-08-20;--;--;--;--;--;--;--;--;--;--;--;--;2.96;73.37;12.02;84.99;21.24;96.88;30.22;109.75;38.44;124.47;45.17;141.99;49.46;162.73;50.40;185.53;47.74;207.60;42.12;226.79;34.55;242.84;25.87;256.53;16.70;268.82;7.49;280.49;--;--;--;--;--;--;--;--;
2023-08-21;--;--;--;--;--;--;--;--;--;--;--;--;2.73;73.62;11.80;85.25;21.02;97.15;29.99;110.03;38.18;124.76;44.89;142.25;49.15;162.91;50.06;185.59;47.40;207.54;41.80;226.66;34.24;242.67;25.58;256.36;16.41;268.65;7.19;280.32;--;--;--;--;--;--;--;--;
2023-08-22;--;--;--;--;--;--;--;--;--;--;--;--;2.50;73.87;11.58;85.51;20.80;97.42;29.76;110.31;37.93;125.04;44.60;142.51;48.83;163.10;49.73;185.65;47.06;207.49;41.47;226.52;33.93;242.50;25.27;256.19;16.11;268.48;6.89;280.16;--;--;--;--;--;--;--;--;
2023-08-23;--;--;--;--;--;--;--;--;--;--;--;--;2.27;74.12;11.36;85.77;20.58;97.70;29.52;110.60;37.67;125.33;44.31;142.77;48.51;163.29;49.39;185.72;46.72;207.43;41.14;226.39;33.61;242.34;24.97;256.01;15.81;268.31;6.58;280.00;--;--;--;--;--;--;--;--;
2023-08-24;--;--;--;--;--;--;--;--;--;--;--;--;2.04;74.38;11.13;86.04;20.35;97.98;29.28;110.89;37.41;125.62;44.02;143.03;48.19;163.47;49.04;185.78;46.38;207.38;40.81;226.27;33.29;242.18;24.66;255.84;15.50;268.14;6.27;279.84;--;--;--;--;--;--;--;--;
2023-08-25;--;--;--;--;--;--;--;--;--;--;--;--;1.81;74.64;10.91;86.31;20.12;98.26;29.05;111.18;37.15;125.91;43.73;143.30;47.86;163.66;48.69;185.85;46.03;207.33;40.47;226.14;32.97;242.02;24.34;255.67;15.19;267.97;5.96;279.68;--;--;--;--;--;--;--;--;
2023-08-26;--;--;--;--;--;--;--;--;--;--;--;--;1.57;74.90;10.68;86.59;19.89;98.55;28.81;111.48;36.89;126.21;43.44;143.56;47.53;163.85;48.34;185.92;45.68;207.28;40.13;226.01;32.64;241.86;24.03;255.50;14.88;267.80;5.65;279.52;--;--;--;--;--;--;--;--;
2023-08-27;--;--;--;--;--;--;--;--;--;--;--;--;1.34;75.17;10.45;86.86;19.66;98.83;28.56;111.77;36.62;126.50;43.14;143.83;47.20;164.04;47.99;185.99;45.32;207.23;39.79;225.89;32.31;241.70;23.70;255.33;14.56;267.63;5.33;279.36;--;--;--;--;--;--;--;--;
2023-08-28;--;--;--;--;--;--;--;--;--;--;--;--;1.10;75.44;10.22;87.14;19.43;99.12;28.32;112.07;36.36;126.80;42.84;144.10;46.86;164.24;47.64;186.06;44.96;207.19;39.44;225.77;31.98;241.54;23.38;255.16;14.24;267.46;5.01;279.20;--;--;--;--;--;--;--;--;
2023-08-29;--;--;--;--;--;--;--;--;--;--;--;--;0.87;75.71;9.99;87.43;19.20;99.42;28.07;112.37;36.09;127.10;42.53;144.37;46.53;164.43;47.28;186.14;44.60;207.14;39.09;225.65;31.64;241.38;23.05;254.99;13.92;267.29;4.68;279.04;--;--;--;--;--;--;--;--;
2023-08-30;--;--;--;--;--;--;--;--;--;--;--;--;0.63;75.99;9.76;87.71;18.97;99.71;27.82;112.67;35.81;127.39;42.23;144.64;46.19;164.62;46.92;186.21;44.24;207.10;38.74;225.53;31.30;241.23;22.72;254.82;13.59;267.12;4.35;278.87;--;--;--;--;--;--;--;--;
2023-08-31;--;--;--;--;--;--;--;--;--;--;--;--;0.39;76.26;9.53;88.00;18.73;100.01;27.57;112.98;35.54;127.69;41.92;144.91;45.85;164.82;46.55;186.29;43.87;207.06;38.38;225.41;30.96;241.07;22.39;254.65;13.26;266.96;4.02;278.71;--;--;--;--;--;--;--;--;
2023-09-01;--;--;--;--;--;--;--;--;--;--;--;--;0.15;76.54;9.29;88.29;18.49;100.31;27.32;113.28;35.26;128.00;41.61;145.18;45.50;165.01;46.19;186.36;43.51;207.02;38.03;225.30;30.62;240.92;22.05;254.49;12.93;266.79;3.69;278.55;--;--;--;--;--;--;--;--;
2023-09-02;--;--;--;--;--;--;--;--;--;--;--;--;-0.09;76.83;9.06;88.58;18.25;100.61;27.07;113.59;34.99;128.30;41.30;145.45;45.16;165.20;45.82;186.44;43.13;206.99;37.66;225.19;30.27;240.77;21.72;254.32;12.59;266.62;3.35;278.39;--;--;--;--;--;--;--;--;
2023-09-03;--;--;--;--;--;--;--;--;--;--;--;--;-0.33;77.11;8.82;88.87;18.01;100.91;26.82;113.90;34.71;128.60;40.99;145.72;44.81;165.40;45.45;186.52;42.76;206.95;37.30;225.07;29.92;240.62;21.37;254.15;12.26;266.45;3.02;278.23;--;--;--;--;--;--;--;--;
2023-09-04;--;--;--;--;--;--;--;--;--;--;--;--;-0.58;77.40;8.58;89.17;17.77;101.21;26.56;114.20;34.42;128.90;40.67;145.99;44.46;165.59;45.08;186.60;42.38;206.92;36.93;224.96;29.56;240.47;21.03;253.99;11.92;266.28;2.68;278.06;--;--;--;--;--;--;--;--;
2023-09-05;--;--;--;--;--;--;--;--;--;--;--;--;-0.82;77.69;8.35;89.47;17.53;101.52;26.30;114.51;34.14;129.21;40.35;146.26;44.11;165.78;44.70;186.68;42.01;206.88;36.56;224.85;29.21;240.32;20.68;253.82;11.58;266.11;2.33;277.90;--;--;--;--;--;--;--;--;
2023-09-06;--;--;--;--;--;--;--;--;--;--;--;--;--;--;8.11;89.76;17.28;101.82;26.04;114.82;33.85;129.51;40.03;146.53;43.75;165.98;44.32;186.76;41.63;206.85;36.19;224.74;28.85;240.17;20.34;253.66;11.23;265.95;1.99;277.74;--;--;--;--;--;--;--;--;
2023-09-07;--;--;--;--;--;--;--;--;--;--;--;--;--;--;7.87;90.07;17.04;102.13;25.78;115.13;33.57;129.81;39.71;146.80;43.39;166.17;43.95;186.83;41.24;206.82;35.82;224.64;28.49;240.02;19.98;253.49;10.89;265.78;1.64;277.58;--;--;--;--;--;--;--;--;
2023-09-08;--;--;--;--;--;--;--;--;--;--;--;--;--;--;7.63;90.37;16.79;102.44;25.52;115.45;33.28;130.12;39.39;147.07;43.04;166.36;43.57;186.91;40.86;206.79;35.45;224.53;28.12;239.87;19.63;253.33;10.54;265.61;1.29;277.41;--;--;--;--;--;--;--;--;
2023-09-09;--;--;--;--;--;--;--;--;--;--;--;--;--;--;7.38;90.67;16.54;102.75;25.25;115.76;32.99;130.42;39.06;147.34;42.68;166.55;43.18;186.99;40.47;206.76;35.07;224.42;27.76;239.73;19.28;253.16;10.19;265.44;0.94;277.25;--;--;--;--;--;--;--;--;
2023-09-10;--;--;--;--;--;--;--;--;--;--;--;--;--;--;7.14;90.97;16.30;103.06;24.99;116.07;32.69;130.72;38.73;147.60;42.31;166.74;42.80;187.07;40.09;206.73;34.69;224.32;27.39;239.58;18.92;253.00;9.84;265.27;0.59;277.08;--;--;--;--;--;--;--;--;
2023-09-11;--;--;--;--;--;--;--;--;--;--;--;--;--;--;6.90;91.28;16.05;103.37;24.72;116.38;32.40;131.02;38.40;147.87;41.95;166.93;42.41;187.15;39.70;206.70;34.31;224.22;27.03;239.44;18.56;252.84;9.48;265.11;0.24;276.92;--;--;--;--;--;--;--;--;
2023-09-12;--;--;--;--;--;--;--;--;--;--;--;--;--;--;6.65;91.59;15.79;103.68;24.45;116.69;32.10;131.32;38.07;148.13;41.59;167.12;42.03;187.23;39.31;206.68;33.93;224.11;26.66;239.29;18.20;252.68;9.13;264.94;-0.12;276.76;--;--;--;--;--;--;--;--;
2023-09-13;--;--;--;--;--;--;--;--;--;--;--;--;--;--;6.41;91.89;15.54;103.99;24.18;117.01;31.81;131.63;37.74;148.40;41.22;167.30;41.64;187.31;38.92;206.65;33.55;224.01;26.29;239.15;17.84;252.51;8.77;264.77;-0.47;276.59;--;--;--;--;--;--;--;--;
2023-09-14;--;--;--;--;--;--;--;--;--;--;--;--;--;--;6.16;92.20;15.29;104.30;23.91;117.32;31.51;131.93;37.41;148.66;40.85;167.49;41.25;187.39;38.52;206.62;33.16;223.91;25.91;239.01;17.48;252.35;8.42;264.60;-0.83;276.43;--;--;--;--;--;--;--;--;
2023-09-15;--;--;--;--;--;--;--;--;--;--;--;--;--;--;5.91;92.51;15.03;104.61;23.64;117.63;31.21;132.22;37.07;148.92;40.48;167.67;40.86;187.46;38.13;206.59;32.78;223.81;25.54;238.87;17.12;252.19;8.06;264.44;--;--;--;--;--;--;--;--;--;--;
2023-09-16;--;--;--;--;--;--;--;--;--;--;--;--;--;--;5.67;92.82;14.78;104.92;23.37;117.94;30.90;132.52;36.73;149.18;40.11;167.85;40.47;187.54;37.73;206.57;32.39;223.71;25.17;238.73;16.75;252.03;7.70;264.27;--;--;--;--;--;--;--;--;--;--;
2023-09-17;--;--;--;--;--;--;--;--;--;--;--;--;--;--;5.42;93.13;14.52;105.24;23.09;118.25;30.60;132.82;36.40;149.43;39.74;168.03;40.08;187.61;37.34;206.54;32.00;223.61;24.79;238.58;16.39;251.87;7.34;264.10;--;--;--;--;--;--;--;--;--;--;
2023-09-18;--;--;--;--;--;--;--;--;--;--;--;--;--;--;5.17;93.44;14.26;105.55;22.82;118.56;30.30;133.11;36.06;149.69;39.37;168.21;39.69;187.69;36.94;206.52;31.61;223.52;24.42;238.44;16.02;251.71;6.98;263.93;--;--;--;--;--;--;--;--;--;--;
2023-09-19;--;--;--;--;--;--;--;--;--;--;--;--;--;--;4.92;93.75;14.01;105.86;22.54;118.87;29.99;133.41;35.72;149.94;39.00;168.39;39.29;187.76;36.55;206.49;31.23;223.42;24.04;238.30;15.66;251.55;6.62;263.76;--;--;--;--;--;--;--;--;--;--;
2023-09-20;--;--;--;--;--;--;--;--;--;--;--;--;--;--;4.67;94.06;13.75;106.17;22.26;119.17;29.68;133.70;35.37;150.19;38.62;168.56;38.90;187.83;36.15;206.46;30.84;223.32;23.66;238.16;15.29;251.39;6.26;263.60;--;--;--;--;--;--;--;--;--;--;
2023-09-21;--;--;--;--;--;--;--;--;--;--;--;--;--;--;4.41;94.37;13.49;106.48;21.98;119.48;29.38;133.99;35.03;150.44;38.25;168.74;38.50;187.91;35.75;206.44;30.45;223.22;23.28;238.03;14.92;251.23;5.90;263.43;--;--;--;--;--;--;--;--;--;--;
2023-09-22;--;--;--;--;--;--;--;--;--;--;--;--;--;--;4.16;94.68;13.23;106.79;21.70;119.79;29.07;134.28;34.69;150.69;37.87;168.91;38.11;187.98;35.35;206.41;30.06;223.13;22.91;237.89;14.55;251.07;5.54;263.26;--;--;--;--;--;--;--;--;--;--;
2023-09-23;--;--;--;--;--;--;--;--;--;--;--;--;--;--;3.91;94.99;12.96;107.10;21.42;120.09;28.76;134.56;34.34;150.93;37.50;169.08;37.71;188.05;34.95;206.38;29.67;223.03;22.53;237.75;14.19;250.91;5.17;263.09;--;--;--;--;--;--;--;--;--;--;
2023-09-24;--;--;--;--;--;--;--;--;--;--;--;--;--;--;3.66;95.30;12.70;107.40;21.13;120.39;28.44;134.85;34.00;151.17;37.12;169.24;37.32;188.11;34.56;206.36;29.28;222.93;22.15;237.61;13.82;250.74;4.81;262.92;--;--;--;--;--;--;--;--;--;--;
2023-09-25;--;--;--;--;--;--;--;--;--;--;--;--;--;--;3.40;95.61;12.44;107.71;20.85;120.69;28.13;135.13;33.65;151.41;36.74;169.41;36.92;188.18;34.16;206.33;28.89;222.83;21.77;237.47;13.45;250.58;4.45;262.75;--;--;--;--;--;--;--;--;--;--;
2023-09-26;--;--;--;--;--;--;--;--;--;--;--;--;--;--;3.15;95.91;12.17;108.02;20.57;120.99;27.82;135.41;33.30;151.65;36.37;169.57;36.53;188.24;33.76;206.30;28.50;222.74;21.40;237.33;13.09;250.42;4.09;262.58;--;--;--;--;--;--;--;--;--;--;
2023-09-27;--;--;--;--;--;--;--;--;--;--;--;--;--;--;2.89;96.22;11.91;108.32;20.28;121.29;27.50;135.68;32.96;151.88;35.99;169.73;36.13;188.31;33.36;206.27;28.11;222.64;21.02;237.19;12.72;250.26;3.73;262.41;--;--;--;--;--;--;--;--;--;--;
2023-09-28;--;--;--;--;--;--;--;--;--;--;--;--;--;--;2.64;96.53;11.64;108.62;19.99;121.58;27.19;135.96;32.61;152.11;35.61;169.88;35.74;188.37;32.96;206.24;27.72;222.54;20.64;237.05;12.35;250.10;3.37;262.23;--;--;--;--;--;--;--;--;--;--;
2023-09-29;--;--;--;--;--;--;--;--;--;--;--;--;--;--;2.38;96.83;11.37;108.93;19.71;121.88;26.87;136.23;32.26;152.34;35.23;170.04;35.34;188.43;32.57;206.21;27.33;222.45;20.27;236.92;11.99;249.94;3.01;262.06;--;--;--;--;--;--;--;--;--;--;
2023-09-30;--;--;--;--;--;--;--;--;--;--;--;--;--;--;2.13;97.13;11.11;109.23;19.42;122.17;26.56;136.50;31.91;152.56;34.86;170.19;34.95;188.48;32.17;206.18;26.94;222.35;19.89;236.78;11.62;249.78;2.66;261.89;--;--;--;--;--;--;--;--;--;--;
2023-10-01;--;--;--;--;--;--;--;--;--;--;--;--;--;--;1.87;97.44;10.84;109.52;19.13;122.45;26.24;136.77;31.56;152.78;34.48;170.33;34.55;188.54;31.78;206.15;26.56;222.25;19.52;236.64;11.26;249.62;2.30;261.72;--;--;--;--;--;--;--;--;--;--;
2023-10-02;--;--;--;--;--;--;--;--;--;--;--;--;--;--;1.61;97.74;10.57;109.82;18.84;122.74;25.92;137.03;31.21;153.00;34.10;170.48;34.16;188.59;31.38;206.11;26.17;222.15;19.14;236.50;10.90;249.46;1.94;261.54;--;--;--;--;--;--;--;--;--;--;
2023-10-03;--;--;--;--;--;--;--;--;--;--;--;--;--;--;1.35;98.04;10.30;110.11;18.55;123.02;25.60;137.29;30.86;153.22;33.72;170.62;33.77;188.64;30.99;206.08;25.79;222.05;18.77;236.36;10.54;249.29;1.59;261.37;--;--;--;--;--;--;--;--;--;--;
2023-10-04;--;--;--;--;--;--;--;--;--;--;--;--;--;--;1.10;98.34;10.03;110.40;18.26;123.30;25.29;137.55;30.52;153.43;33.35;170.76;33.38;188.69;30.59;206.04;25.40;221.96;18.40;236.22;10.18;249.13;1.24;261.19;--;--;--;--;--;--;--;--;--;--;
2023-10-05;--;--;--;--;--;--;--;--;--;--;--;--;--;--;0.84;98.63;9.76;110.69;17.97;123.58;24.97;137.80;30.17;153.64;32.97;170.89;32.99;188.74;30.20;206.01;25.02;221.86;18.03;236.08;9.82;248.97;0.89;261.02;--;--;--;--;--;--;--;--;--;--;
2023-10-06;--;--;--;--;--;--;--;--;--;--;--;--;--;--;0.58;98.93;9.49;110.98;17.68;123.86;24.65;138.05;29.82;153.84;32.60;171.03;32.60;188.78;29.81;205.97;24.64;221.76;17.66;235.94;9.46;248.80;0.54;260.84;--;--;--;--;--;--;--;--;--;--;
2023-10-07;--;--;--;--;--;--;--;--;--;--;--;--;--;--;0.32;99.22;9.22;111.27;17.39;124.13;24.33;138.30;29.47;154.04;32.22;171.16;32.21;188.83;29.43;205.93;24.26;221.66;17.30;235.80;9.11;248.64;0.19;260.67;--;--;--;--;--;--;--;--;--;--;
2023-10-08;--;--;--;--;--;--;--;--;--;--;--;--;--;--;0.06;99.51;8.95;111.55;17.10;124.40;24.01;138.54;29.12;154.24;31.85;171.28;31.82;188.87;29.04;205.89;23.89;221.55;16.93;235.66;8.76;248.48;-0.16;260.49;--;--;--;--;--;--;--;--;--;--;
2023-10-09;--;--;--;--;--;--;--;--;--;--;--;--;--;--;-0.20;99.80;8.68;111.83;16.81;124.66;23.69;138.78;28.77;154.43;31.48;171.41;31.44;188.91;28.65;205.85;23.51;221.45;16.57;235.52;8.41;248.31;-0.50;260.31;--;--;--;--;--;--;--;--;--;--;
2023-10-10;--;--;--;--;--;--;--;--;--;--;--;--;--;--;-0.46;100.08;8.41;112.11;16.51;124.93;23.37;139.02;28.42;154.62;31.11;171.52;31.05;188.94;28.27;205.81;23.14;221.35;16.21;235.38;8.06;248.14;--;--;--;--;--;--;--;--;--;--;--;--;
2023-10-11;--;--;--;--;--;--;--;--;--;--;--;--;--;--;-0.71;100.36;8.14;112.38;16.22;125.19;23.05;139.25;28.08;154.81;30.73;171.64;30.67;188.97;27.89;205.76;22.77;221.25;15.85;235.23;7.71;247.98;--;--;--;--;--;--;--;--;--;--;--;--;
2023-10-12;--;--;--;--;--;--;--;--;--;--;--;--;--;--;--;--;7.86;112.65;15.93;125.44;22.74;139.48;27.73;154.99;30.37;171.75;30.29;189.01;27.51;205.72;22.40;221.14;15.50;235.09;7.37;247.81;--;--;--;--;--;--;--;--;--;--;--;--;
2023-10-13;--;--;--;--;--;--;--;--;--;--;--;--;--;--;--;--;7.59;112.92;15.64;125.69;22.42;139.70;27.38;155.16;30.00;171.86;29.91;189.03;27.13;205.67;22.03;221.04;15.15;234.95;7.03;247.64;--;--;--;--;--;--;--;--;--;--;--;--;
2023-10-14;--;--;--;--;--;--;--;--;--;--;--;--;--;--;--;--;7.32;113.18;15.34;125.94;22.10;139.92;27.04;155.34;29.63;171.97;29.53;189.06;26.76;205.62;21.67;220.93;14.80;234.80;6.69;247.48;--;--;--;--;--;--;--;--;--;--;--;--;
2023-10-15;--;--;--;--;--;--;--;--;--;--;--;--;--;--;--;--;7.05;113.44;15.05;126.19;21.78;140.14;26.70;155.51;29.27;172.07;29.16;189.08;26.39;205.57;21.31;220.82;14.45;234.66;6.36;247.31;--;--;--;--;--;--;--;--;--;--;--;--;
2023-10-16;--;--;--;--;--;--;--;--;--;--;--;--;--;--;--;--;6.78;113.70;14.76;126.43;21.47;140.35;26.35;155.67;28.90;172.17;28.79;189.10;26.02;205.52;20.95;220.71;14.10;234.51;6.02;247.14;--;--;--;--;--;--;--;--;--;--;--;--;
2023-10-17;--;--;--;--;--;--;--;--;--;--;--;--;--;--;--;--;6.50;113.96;14.47;126.66;21.15;140.56;26.01;155.83;28.54;172.26;28.42;189.12;25.65;205.46;20.59;220.60;13.76;234.37;5.69;246.97;--;--;--;--;--;--;--;--;--;--;--;--;
2023-10-18;--;--;--;--;--;--;--;--;--;--;--;--;--;--;--;--;6.23;114.21;14.18;126.90;20.84;140.76;25.67;155.99;28.18;172.35;28.05;189.13;25.28;205.41;20.24;220.49;13.42;234.22;5.37;246.80;--;--;--;--;--;--;--;--;--;--;--;--;
2023-10-19;--;--;--;--;--;--;--;--;--;--;--;--;--;--;--;--;5.96;114.45;13.89;127.13;20.52;140.96;25.33;156.14;27.83;172.44;27.68;189.15;24.92;205.35;19.89;220.38;13.09;234.07;5.04;246.63;--;--;--;--;--;--;--;--;--;--;--;--;
2023-10-20;--;--;--;--;--;--;--;--;--;--;--;--;--;--;--;--;5.69;114.70;13.60;127.35;20.21;141.16;25.00;156.29;27.47;172.52;27.32;189.15;24.57;205.29;19.54;220.27;12.76;233.92;4.73;246.46;--;--;--;--;--;--;--;--;--;--;--;--;
2023-10-21;--;--;--;--;--;--;--;--;--;--;--;--;--;--;--;--;5.42;114.94;13.31;127.57;19.89;141.35;24.66;156.43;27.12;172.60;26.96;189.16;24.21;205.23;19.20;220.16;12.43;233.77;4.41;246.29;--;--;--;--;--;--;--;--;--;--;--;--;
2023-10-22;--;--;--;--;--;--;--;--;--;--;--;--;--;--;--;--;5.15;115.17;13.02;127.79;19.58;141.53;24.33;156.57;26.77;172.68;26.61;189.16;23.86;205.16;18.86;220.04;12.10;233.62;4.10;246.11;--;--;--;--;--;--;--;--;--;--;--;--;
2023-10-23;--;--;--;--;--;--;--;--;--;--;--;--;--;--;--;--;4.88;115.40;12.73;128.00;19.27;141.71;24.00;156.71;26.42;172.75;26.25;189.16;23.51;205.10;18.52;219.93;11.78;233.47;3.79;245.94;--;--;--;--;--;--;--;--;--;--;--;--;
2023-10-24;--;--;--;--;--;--;--;--;--;--;--;--;--;--;--;--;4.61;115.63;12.45;128.21;18.96;141.89;23.67;156.84;26.08;172.82;25.90;189.16;23.16;205.03;18.19;219.81;11.46;233.32;3.49;245.77;--;--;--;--;--;--;--;--;--;--;--;--;
2023-10-25;--;--;--;--;--;--;--;--;--;--;--;--;--;--;--;--;4.35;115.85;12.16;128.41;18.66;142.06;23.34;156.96;25.73;172.88;25.55;189.16;22.82;204.96;17.86;219.69;11.15;233.17;3.19;245.59;--;--;--;--;--;--;--;--;--;--;--;--;
2023-10-26;--;--;--;--;--;--;--;--;--;--;--;--;--;--;--;--;4.08;116.07;11.87;128.61;18.35;142.23;23.01;157.08;25.39;172.94;25.21;189.15;22.49;204.89;17.54;219.57;10.84;233.02;2.89;245.42;--;--;--;--;--;--;--;--;--;--;--;--;
2023-10-27;--;--;--;--;--;--;--;--;--;--;--;--;--;--;--;--;3.81;116.28;11.59;128.80;18.05;142.39;22.69;157.20;25.06;172.99;24.87;189.14;22.15;204.82;17.22;219.45;10.54;232.87;2.60;245.24;--;--;--;--;--;--;--;--;--;--;--;--;
2023-10-28;--;--;--;--;--;--;--;--;--;--;--;--;--;--;--;--;3.55;116.49;11.31;128.99;17.74;142.55;22.37;157.31;24.72;173.05;24.53;189.12;21.82;204.75;16.90;219.33;10.24;232.71;2.31;245.06;--;--;--;--;--;--;--;--;--;--;--;--;
2023-10-29;--;--;--;--;--;--;--;--;--;--;--;--;--;--;--;--;3.28;116.70;11.03;129.17;17.44;142.70;22.05;157.42;24.39;173.09;24.20;189.11;21.50;204.67;16.59;219.21;9.94;232.56;2.03;244.89;--;--;--;--;--;--;--;--;--;--;--;--;
2023-10-30;--;--;--;--;--;--;--;--;--;--;--;--;--;--;--;--;3.02;116.90;10.75;129.35;17.15;142.85;21.73;157.52;24.06;173.14;23.87;189.09;21.18;204.59;16.28;219.09;9.65;232.40;1.75;244.71;--;--;--;--;--;--;--;--;--;--;--;--;
2023-10-31;--;--;--;--;--;--;--;--;--;--;--;--;--;--;--;--;2.76;117.09;10.47;129.52;16.85;142.99;21.42;157.62;23.74;173.18;23.55;189.06;20.86;204.51;15.98;218.96;9.36;232.25;1.48;244.53;--;--;--;--;--;--;--;--;--;--;--;--;
2023-11-01;--;--;--;--;--;--;--;--;--;--;--;--;--;--;--;--;2.50;117.28;10.19;129.69;16.55;143.13;21.11;157.71;23.42;173.21;23.22;189.04;20.55;204.43;15.68;218.84;9.08;232.09;1.21;244.35;--;--;--;--;--;--;--;--;--;--;--;--;
2023-11-02;--;--;--;--;--;--;--;--;--;--;--;--;--;--;--;--;2.24;117.47;9.92;129.86;16.26;143.26;20.80;157.80;23.10;173.25;22.91;189.01;20.24;204.35;15.39;218.71;8.80;231.93;0.95;244.18;--;--;--;--;--;--;--;--;--;--;--;--;
2023-11-03;--;--;--;--;--;--;--;--;--;--;--;--;--;--;--;--;1.98;117.65;9.64;130.02;15.97;143.39;20.50;157.88;22.79;173.27;22.59;188.98;19.93;204.26;15.10;218.58;8.53;231.77;0.69;244.00;--;--;--;--;--;--;--;--;--;--;--;--;
2023-11-04;--;--;--;--;--;--;--;--;--;--;--;--;--;--;--;--;1.72;117.83;9.37;130.17;15.68;143.51;20.19;157.96;22.48;173.30;22.29;188.94;19.64;204.17;14.82;218.45;8.26;231.62;0.44;243.82;--;--;--;--;--;--;--;--;--;--;--;--;
2023-11-05;--;--;--;--;--;--;--;--;--;--;--;--;--;--;--;--;1.47;118.00;9.10;130.32;15.40;143.63;19.90;158.03;22.17;173.32;21.98;188.90;19.34;204.08;14.54;218.32;8.00;231.46;0.19;243.64;--;--;--;--;--;--;--;--;--;--;--;--;
2023-11-06;--;--;--;--;--;--;--;--;--;--;--;--;--;--;--;--;1.21;118.16;8.83;130.46;15.12;143.74;19.60;158.10;21.87;173.33;21.68;188.86;19.05;203.99;14.26;218.19;7.75;231.30;-0.05;243.46;--;--;--;--;--;--;--;--;--;--;--;--;
2023-11-07;--;--;--;--;--;--;--;--;--;--;--;--;--;--;--;--;0.96;118.32;8.57;130.60;14.84;143.84;19.31;158.17;21.58;173.35;21.39;188.82;18.77;203.90;14.00;218.06;7.49;231.14;-0.28;243.28;--;--;--;--;--;--;--;--;--;--;--;--;
2023-11-08;--;--;--;--;--;--;--;--;--;--;--;--;--;--;--;--;0.71;118.48;8.31;130.73;14.56;143.94;19.02;158.23;21.28;173.35;21.10;188.77;18.49;203.80;13.73;217.93;7.25;230.98;-0.51;243.10;--;--;--;--;--;--;--;--;--;--;--;--;
2023-11-09;--;--;--;--;--;--;--;--;--;--;--;--;--;--;--;--;0.46;118.62;8.05;130.86;14.29;144.04;18.74;158.28;20.99;173.36;20.81;188.72;18.22;203.71;13.48;217.79;7.01;230.82;-0.74;242.92;--;--;--;--;--;--;--;--;--;--;--;--;
2023-11-10;--;--;--;--;--;--;--;--;--;--;--;--;--;--;--;--;0.22;118.77;7.79;130.98;14.02;144.13;18.46;158.33;20.71;173.36;20.53;188.67;17.95;203.61;13.23;217.66;6.78;230.65;--;--;--;--;--;--;--;--;--;--;--;--;--;--;
2023-11-11;--;--;--;--;--;--;--;--;--;--;--;--;--;--;--;--;-0.03;118.91;7.53;131.09;13.75;144.22;18.18;158.38;20.43;173.35;20.26;188.62;17.69;203.51;12.98;217.52;6.55;230.49;--;--;--;--;--;--;--;--;--;--;--;--;--;--;
2023-11-12;--;--;--;--;--;--;--;--;--;--;--;--;--;--;--;--;-0.27;119.04;7.28;131.20;13.48;144.30;17.91;158.42;20.15;173.35;19.99;188.56;17.43;203.40;12.74;217.38;6.32;230.33;--;--;--;--;--;--;--;--;--;--;--;--;--;--;
2023-11-13;--;--;--;--;--;--;--;--;--;--;--;--;--;--;--;--;-0.51;119.17;7.03;131.31;13.22;144.37;17.64;158.45;19.88;173.33;19.73;188.50;17.18;203.30;12.51;217.25;6.11;230.17;--;--;--;--;--;--;--;--;--;--;--;--;--;--;
2023-11-14;--;--;--;--;--;--;--;--;--;--;--;--;--;--;--;--;-0.74;119.29;6.78;131.41;12.97;144.44;17.38;158.48;19.62;173.32;19.47;188.44;16.93;203.19;12.28;217.11;5.90;230.01;--;--;--;--;--;--;--;--;--;--;--;--;--;--;
2023-11-15;--;--;--;--;--;--;--;--;--;--;--;--;--;--;--;--;--;--;6.54;131.50;12.71;144.51;17.12;158.51;19.36;173.30;19.21;188.37;16.69;203.09;12.06;216.97;5.69;229.85;--;--;--;--;--;--;--;--;--;--;--;--;--;--;
2023-11-16;--;--;--;--;--;--;--;--;--;--;--;--;--;--;--;--;--;--;6.30;131.59;12.46;144.57;16.86;158.53;19.10;173.28;18.97;188.30;16.46;202.98;11.84;216.83;5.50;229.68;--;--;--;--;--;--;--;--;--;--;--;--;--;--;
2023-11-17;--;--;--;--;--;--;--;--;--;--;--;--;--;--;--;--;--;--;6.06;131.67;12.22;144.62;16.61;158.55;18.86;173.25;18.73;188.23;16.23;202.87;11.63;216.69;5.31;229.52;--;--;--;--;--;--;--;--;--;--;--;--;--;--;
2023-11-18;--;--;--;--;--;--;--;--;--;--;--;--;--;--;--;--;--;--;5.83;131.75;11.98;144.67;16.36;158.56;18.61;173.22;18.49;188.16;16.01;202.76;11.43;216.55;5.12;229.36;--;--;--;--;--;--;--;--;--;--;--;--;--;--;
2023-11-19;--;--;--;--;--;--;--;--;--;--;--;--;--;--;--;--;--;--;5.59;131.82;11.74;144.71;16.12;158.57;18.37;173.19;18.26;188.08;15.80;202.64;11.23;216.41;4.94;229.20;--;--;--;--;--;--;--;--;--;--;--;--;--;--;
2023-11-20;--;--;--;--;--;--;--;--;--;--;--;--;--;--;--;--;--;--;5.37;131.89;11.51;144.75;15.89;158.57;18.14;173.15;18.04;188.00;15.59;202.53;11.04;216.27;4.77;229.04;--;--;--;--;--;--;--;--;--;--;--;--;--;--;
2023-11-21;--;--;--;--;--;--;--;--;--;--;--;--;--;--;--;--;--;--;5.14;131.95;11.28;144.78;15.66;158.57;17.91;173.11;17.82;187.92;15.39;202.41;10.86;216.12;4.60;228.88;--;--;--;--;--;--;--;--;--;--;--;--;--;--;
2023-11-22;--;--;--;--;--;--;--;--;--;--;--;--;--;--;--;--;--;--;4.92;132.00;11.05;144.81;15.43;158.56;17.69;173.06;17.61;187.84;15.19;202.30;10.68;215.98;4.45;228.72;--;--;--;--;--;--;--;--;--;--;--;--;--;--;
2023-11-23;--;--;--;--;--;--;--;--;--;--;--;--;--;--;--;--;--;--;4.71;132.05;10.83;144.83;15.21;158.55;17.47;173.01;17.40;187.75;15.00;202.18;10.51;215.84;4.29;228.56;--;--;--;--;--;--;--;--;--;--;--;--;--;--;
2023-11-24;--;--;--;--;--;--;--;--;--;--;--;--;--;--;--;--;--;--;4.50;132.10;10.62;144.85;14.99;158.54;17.26;172.96;17.20;187.66;14.82;202.06;10.35;215.70;4.15;228.40;--;--;--;--;--;--;--;--;--;--;--;--;--;--;
2023-11-25;--;--;--;--;--;--;--;--;--;--;--;--;--;--;--;--;--;--;4.29;132.13;10.41;144.86;14.78;158.52;17.06;172.91;17.01;187.57;14.65;201.94;10.19;215.56;4.01;228.24;--;--;--;--;--;--;--;--;--;--;--;--;--;--;
2023-11-26;--;--;--;--;--;--;--;--;--;--;--;--;--;--;--;--;--;--;4.08;132.17;10.20;144.87;14.58;158.49;16.86;172.85;16.83;187.48;14.48;201.82;10.04;215.41;3.88;228.08;--;--;--;--;--;--;--;--;--;--;--;--;--;--;
2023-11-27;--;--;--;--;--;--;--;--;--;--;--;--;--;--;--;--;--;--;3.88;132.19;10.00;144.87;14.38;158.47;16.67;172.79;16.65;187.39;14.32;201.70;9.90;215.27;3.76;227.93;--;--;--;--;--;--;--;--;--;--;--;--;--;--;
2023-11-28;--;--;--;--;--;--;--;--;--;--;--;--;--;--;--;--;--;--;3.69;132.22;9.80;144.87;14.19;158.43;16.48;172.72;16.48;187.29;14.16;201.58;9.76;215.13;3.64;227.77;--;--;--;--;--;--;--;--;--;--;--;--;--;--;
2023-11-29;--;--;--;--;--;--;--;--;--;--;--;--;--;--;--;--;--;--;3.50;132.23;9.61;144.86;14.00;158.40;16.31;172.65;16.31;187.19;14.02;201.45;9.64;214.99;3.53;227.62;--;--;--;--;--;--;--;--;--;--;--;--;--;--;
2023-11-30;--;--;--;--;--;--;--;--;--;--;--;--;--;--;--;--;--;--;3.31;132.24;9.43;144.85;13.82;158.36;16.13;172.58;16.15;187.09;13.87;201.33;9.51;214.85;3.42;227.46;--;--;--;--;--;--;--;--;--;--;--;--;--;--;
2023-12-01;--;--;--;--;--;--;--;--;--;--;--;--;--;--;--;--;--;--;3.13;132.25;9.25;144.83;13.64;158.31;15.97;172.51;16.00;186.99;13.74;201.20;9.40;214.71;3.33;227.31;--;--;--;--;--;--;--;--;--;--;--;--;--;--;
2023-12-02;--;--;--;--;--;--;--;--;--;--;--;--;--;--;--;--;--;--;2.96;132.25;9.07;144.81;13.47;158.26;15.81;172.43;15.86;186.89;13.61;201.08;9.29;214.57;3.24;227.16;--;--;--;--;--;--;--;--;--;--;--;--;--;--;
2023-12-03;--;--;--;--;--;--;--;--;--;--;--;--;--;--;--;--;--;--;2.79;132.24;8.90;144.78;13.31;158.21;15.66;172.35;15.72;186.78;13.50;200.95;9.19;214.43;3.16;227.01;--;--;--;--;--;--;--;--;--;--;--;--;--;--;
2023-12-04;--;--;--;--;--;--;--;--;--;--;--;--;--;--;--;--;--;--;2.62;132.23;8.74;144.75;13.15;158.15;15.51;172.27;15.59;186.68;13.38;200.83;9.10;214.29;3.08;226.86;--;--;--;--;--;--;--;--;--;--;--;--;--;--;
2023-12-05;--;--;--;--;--;--;--;--;--;--;--;--;--;--;--;--;--;--;2.46;132.21;8.58;144.71;13.00;158.09;15.37;172.19;15.47;186.57;13.28;200.70;9.02;214.15;3.02;226.72;--;--;--;--;--;--;--;--;--;--;--;--;--;--;
2023-12-06;--;--;--;--;--;--;--;--;--;--;--;--;--;--;--;--;--;--;2.30;132.19;8.43;144.67;12.86;158.03;15.24;172.10;15.35;186.46;13.18;200.58;8.94;214.01;2.96;226.58;--;--;--;--;--;--;--;--;--;--;--;--;--;--;
2023-12-07;--;--;--;--;--;--;--;--;--;--;--;--;--;--;--;--;--;--;2.15;132.16;8.29;144.63;12.72;157.96;15.11;172.01;15.24;186.35;13.09;200.45;8.87;213.88;2.90;226.43;--;--;--;--;--;--;--;--;--;--;--;--;--;--;
2023-12-08;--;--;--;--;--;--;--;--;--;--;--;--;--;--;--;--;--;--;2.01;132.13;8.15;144.58;12.59;157.89;15.00;171.92;15.14;186.24;13.01;200.32;8.80;213.74;2.86;226.29;--;--;--;--;--;--;--;--;--;--;--;--;--;--;
2023-12-09;--;--;--;--;--;--;--;--;--;--;--;--;--;--;--;--;--;--;1.87;132.09;8.01;144.52;12.47;157.82;14.89;171.82;15.05;186.12;12.94;200.20;8.75;213.61;2.82;226.16;--;--;--;--;--;--;--;--;--;--;--;--;--;--;
2023-12-10;--;--;--;--;--;--;--;--;--;--;--;--;--;--;--;--;--;--;1.73;132.05;7.88;144.46;12.35;157.74;14.78;171.72;14.96;186.01;12.87;200.07;8.70;213.48;2.79;226.02;--;--;--;--;--;--;--;--;--;--;--;--;--;--;
2023-12-11;--;--;--;--;--;--;--;--;--;--;--;--;--;--;--;--;--;--;1.61;132.00;7.76;144.40;12.24;157.66;14.69;171.63;14.88;185.90;12.81;199.95;8.66;213.34;2.76;225.89;--;--;--;--;--;--;--;--;--;--;--;--;--;--;
2023-12-12;--;--;--;--;--;--;--;--;--;--;--;--;--;--;--;--;--;--;1.48;131.95;7.65;144.33;12.14;157.57;14.60;171.52;14.81;185.78;12.76;199.82;8.63;213.22;2.75;225.76;--;--;--;--;--;--;--;--;--;--;--;--;--;--;
2023-12-13;--;--;--;--;--;--;--;--;--;--;--;--;--;--;--;--;--;--;1.37;131.89;7.54;144.26;12.04;157.49;14.52;171.42;14.75;185.66;12.71;199.70;8.60;213.09;2.74;225.63;--;--;--;--;--;--;--;--;--;--;--;--;--;--;
2023-12-14;--;--;--;--;--;--;--;--;--;--;--;--;--;--;--;--;--;--;1.26;131.83;7.44;144.19;11.95;157.40;14.44;171.32;14.69;185.55;12.68;199.58;8.58;212.96;2.73;225.50;--;--;--;--;--;--;--;--;--;--;--;--;--;--;
2023-12-15;--;--;--;--;--;--;--;--;--;--;--;--;--;--;--;--;--;--;1.15;131.77;7.34;144.11;11.87;157.30;14.37;171.21;14.64;185.43;12.65;199.45;8.57;212.84;2.74;225.38;--;--;--;--;--;--;--;--;--;--;--;--;--;--;
2023-12-16;--;--;--;--;--;--;--;--;--;--;--;--;--;--;--;--;--;--;1.06;131.69;7.25;144.02;11.79;157.21;14.31;171.10;14.60;185.31;12.63;199.33;8.57;212.72;2.75;225.26;--;--;--;--;--;--;--;--;--;--;--;--;--;--;
2023-12-17;--;--;--;--;--;--;--;--;--;--;--;--;--;--;--;--;--;--;0.96;131.62;7.17;143.94;11.72;157.11;14.26;170.99;14.57;185.20;12.61;199.21;8.57;212.60;2.77;225.14;--;--;--;--;--;--;--;--;--;--;--;--;--;--;
2023-12-18;--;--;--;--;--;--;--;--;--;--;--;--;--;--;--;--;--;--;0.88;131.54;7.10;143.85;11.66;157.01;14.22;170.88;14.54;185.08;12.61;199.09;8.58;212.48;2.79;225.03;--;--;--;--;--;--;--;--;--;--;--;--;--;--;
2023-12-19;--;--;--;--;--;--;--;--;--;--;--;--;--;--;--;--;--;--;0.80;131.45;7.03;143.75;11.61;156.90;14.18;170.76;14.53;184.96;12.61;198.97;8.60;212.36;2.83;224.92;--;--;--;--;--;--;--;--;--;--;--;--;--;--;
2023-12-20;--;--;--;--;--;--;--;--;--;--;--;--;--;--;--;--;--;--;0.73;131.37;6.97;143.65;11.56;156.79;14.15;170.65;14.52;184.84;12.62;198.86;8.63;212.25;2.87;224.81;--;--;--;--;--;--;--;--;--;--;--;--;--;--;
2023-12-21;--;--;--;--;--;--;--;--;--;--;--;--;--;--;--;--;--;--;0.66;131.27;6.91;143.55;11.52;156.68;14.13;170.53;14.51;184.72;12.63;198.74;8.66;212.14;2.91;224.70;--;--;--;--;--;--;--;--;--;--;--;--;--;--;
2023-12-22;--;--;--;--;--;--;--;--;--;--;--;--;--;--;--;--;--;--;0.60;131.18;6.87;143.45;11.49;156.57;14.12;170.42;14.52;184.61;12.66;198.63;8.70;212.03;2.97;224.60;--;--;--;--;--;--;--;--;--;--;--;--;--;--;
2023-12-23;--;--;--;--;--;--;--;--;--;--;--;--;--;--;--;--;--;--;0.55;131.07;6.83;143.34;11.46;156.46;14.11;170.30;14.53;184.49;12.69;198.51;8.75;211.93;3.03;224.51;--;--;--;--;--;--;--;--;--;--;--;--;--;--;
2023-12-24;--;--;--;--;--;--;--;--;--;--;--;--;--;--;--;--;--;--;0.50;130.97;6.79;143.23;11.45;156.34;14.11;170.18;14.55;184.37;12.73;198.40;8.80;211.82;3.10;224.41;--;--;--;--;--;--;--;--;--;--;--;--;--;--;
2023-12-25;--;--;--;--;--;--;--;--;--;--;--;--;--;--;--;--;--;--;0.46;130.86;6.77;143.12;11.44;156.23;14.12;170.06;14.58;184.26;12.77;198.29;8.86;211.73;3.17;224.32;--;--;--;--;--;--;--;--;--;--;--;--;--;--;
2023-12-26;--;--;--;--;--;--;--;--;--;--;--;--;--;--;--;--;--;--;0.43;130.75;6.75;143.00;11.43;156.11;14.14;169.94;14.62;184.14;12.83;198.19;8.93;211.63;3.25;224.24;--;--;--;--;--;--;--;--;--;--;--;--;--;--;
2023-12-27;--;--;--;--;--;--;--;--;--;--;--;--;--;--;--;--;--;--;0.40;130.63;6.74;142.88;11.44;155.98;14.16;169.82;14.66;184.03;12.89;198.08;9.01;211.54;3.34;224.16;--;--;--;--;--;--;--;--;--;--;--;--;--;--;
2023-12-28;--;--;--;--;--;--;--;--;--;--;--;--;--;--;--;--;--;--;0.38;130.51;6.73;142.76;11.45;155.86;14.19;169.70;14.71;183.91;12.96;197.98;9.09;211.45;3.43;224.08;--;--;--;--;--;--;--;--;--;--;--;--;--;--;
2023-12-29;--;--;--;--;--;--;--;--;--;--;--;--;--;--;--;--;--;--;0.37;130.39;6.73;142.63;11.47;155.74;14.23;169.58;14.77;183.80;13.03;197.88;9.18;211.36;3.53;224.00;--;--;--;--;--;--;--;--;--;--;--;--;--;--;
2023-12-30;--;--;--;--;--;--;--;--;--;--;--;--;--;--;--;--;--;--;0.37;130.26;6.74;142.51;11.50;155.61;14.28;169.46;14.84;183.69;13.11;197.78;9.28;211.27;3.64;223.94;--;--;--;--;--;--;--;--;--;--;--;--;--;--;
2023-12-31;--;--;--;--;--;--;--;--;--;--;--;--;--;--;--;--;--;--;0.37;130.13;6.76;142.38;11.54;155.48;14.33;169.34;14.91;183.57;13.21;197.68;9.38;211.19;3.75;223.87;--;--;--;--;--;--;--;--;--;--;--;--;--;--;
2024-01-01;--;--;--;--;--;--;--;--;--;--;--;--;--;--;--;--;--;--;0.38;129.97;6.79;142.21;11.59;155.32;14.41;169.18;15.01;183.44;13.33;197.56;9.52;211.10;3.90;223.79;--;--;--;--;--;--;--;--;--;--;--;--;--;--;
